{
    "0.0": {
        "A_chwtil": 1.0435472257297004e-06, 
        "u_A_chwtil": 0.0, 
        "A_chbtil": -1.0435472257297005e-05, 
        "u_A_chbtil": 0.0, 
        "A_chwbtil": 6.261283354378203e-06, 
        "u_A_chwbtil": 0.0, 
        "A_chw": -13.998361630855603, 
        "u_A_chw": 0.0, 
        "A_chb": -48.770847464702015, 
        "u_A_chb": 0.0, 
        "A_chwb": 26.12874242123827, 
        "u_A_chwb": 0.0049632481777943955, 
        "B_chwtil_2": 48.98850010957246, 
        "u_B_chwtil_2": 0.004007491727207837, 
        "B_chbtil_2": 594.6483767622905, 
        "u_B_chbtil_2": 0.0, 
        "B_chwbtil_2": 170.677888277834, 
        "u_B_chwbtil_2": 0.0, 
        "B_chw_2": 48.98850010957246, 
        "u_B_chw_2": 0.004007491727207837, 
        "B_chb_2": 594.6483767622905, 
        "u_B_chb_2": 0.0, 
        "B_chwb_2": 170.677888277834, 
        "u_B_chwb_2": 0.0, 
        "B_chwtil_chbtil": 341.355776555668, 
        "u_B_chwtil_chbtil": 0.0, 
        "B_chwtil_chwbtil": -182.8797729241237, 
        "u_B_chwtil_chwbtil": 0.0, 
        "B_chwtil_chb": -5.217736128648503e-06, 
        "u_B_chwtil_chb": 0.0, 
        "B_chwtil_chwb": -5.217736128648503e-06, 
        "u_B_chwtil_chwb": 0.0, 
        "B_chbtil_chwbtil": -637.1602992893443, 
        "u_B_chbtil_chwbtil": 0.0, 
        "B_chbtil_chw": 2.087094451459401e-06, 
        "u_B_chbtil_chw": 3.2999860796390817e-10, 
        "B_chbtil_chb": 4.174188902918802e-05, 
        "u_B_chbtil_chb": 0.0, 
        "B_chwbtil_chw": 2.087094451459401e-06, 
        "u_B_chwbtil_chw": 0.0, 
        "B_chw_chb": 341.35567220094543, 
        "u_B_chw_chb": 0.0802250913943962, 
        "B_chw_chwb": -182.8797729241237, 
        "u_B_chw_chwb": 0.0, 
        "B_chb_chwb": -637.1602992893443, 
        "u_B_chb_chwb": 0.04813167440957037
    }
}