{
    "30.0": {
        "A_chl3": -0.12869737065521736, 
        "u_A_chl3": 1.3245763469864778e-05, 
        "A_chbox": 0.12869676138872024, 
        "u_A_chbox": 1.8786582513201299e-05, 
        "A_cll1": 0.06434890652627329, 
        "u_A_cll1": 9.378545023482816e-06, 
        "A_chdd": -0.03217398848722916, 
        "u_A_chdd": 4.706749938804538e-06, 
        "A_chg": 23.763406105582085, 
        "u_A_chg": 0.024171026586410366, 
        "A_ctgre": -0.99597426862123117, 
        "u_A_ctgre": 0.0005042786124205761, 
        "A_cthre": -0.1293678259634397, 
        "u_A_cthre": 1.8858472831249006e-05, 
        "B_chl3_2": 0.0039797532418245005, 
        "u_B_chl3_2": 2.1920426745489068e-05, 
        "B_chl3_cll1": -0.003926750230298249, 
        "u_B_chl3_cll1": 5.0218619701891425e-06, 
        "B_chl3_ctgre": 0.06034963309812838, 
        "u_B_chl3_ctgre": 2.2342508016257791e-05, 
        "B_chl3_cthre": 0.00785667570921612, 
        "u_B_chl3_cthre": 8.217362582322935e-06, 
        "B_chbox_2": 0.003893728563943734, 
        "u_B_chbox_2": 1.6427491992060977e-05, 
        "B_chbox_chl3": -0.007820478776994521, 
        "u_B_chbox_chl3": 9.927406064468759e-06, 
        "B_chbox_cll1": 0.003875728593760703, 
        "u_B_chbox_cll1": 4.1791135902223266e-06, 
        "B_chbox_chg": 2.4416018003536823, 
        "u_B_chbox_chg": 0.0011232612229811795, 
        "B_chbox_ctgre": -0.060386764573561555, 
        "u_B_chbox_ctgre": 3.1245723064945378e-05, 
        "B_chbox_cthre": -0.007846197550035105, 
        "u_B_chbox_cthre": 5.4593426905177574e-06, 
        "B_cll1_2": 0.0009209927935280117, 
        "u_B_cll1_2": 1.387512790509085e-05, 
        "B_chdd_2": 0.0002197209497976156, 
        "u_B_chdd_2": 1.2163754123095234e-05, 
        "B_chdd_chl3": 0.001990144857805728, 
        "u_B_chdd_chl3": 7.676184578872693e-06, 
        "B_chdd_chbox": -0.0019486709145189202, 
        "u_B_chdd_chbox": 4.6206666906399729e-06, 
        "B_chdd_cll1": -0.0009568720706244521, 
        "u_B_chdd_cll1": 5.5120573347628198e-06, 
        "B_chdd_chg": -0.6104003374264191, 
        "u_B_chdd_chg": 0.00028079519217119137, 
        "B_chdd_ctgre": 0.015066004237606755, 
        "u_B_chdd_ctgre": 8.7730326100893358e-06, 
        "B_chdd_cthre": 0.0019713130555998634, 
        "u_B_chdd_cthre": 5.9198995394137468e-06, 
        "B_chg_2": 383.648261467658, 
        "u_B_chg_2": 0.39842037919374429, 
        "B_chg_chl3": -2.4416020459266874, 
        "u_B_chg_chl3": 0.00079431915523675177, 
        "B_chg_cll1": 1.220800910947587, 
        "u_B_chg_cll1": 0.00056156414764376448, 
        "B_chg_ctgre": -18.901514403355467, 
        "u_B_chg_ctgre": 0.015442258013110657, 
        "B_chg_cthre": -2.4543382848534177, 
        "u_B_chg_cthre": 0.0011289605477136917, 
        "B_ctgre_2": 0.23371345194227436, 
        "u_B_ctgre_2": 0.00020757355827124077, 
        "B_ctgre_cll1": -0.03019754955936594, 
        "u_B_ctgre_cll1": 1.5718028307859835e-05, 
        "B_cthre_2": 0.003925480252444987, 
        "u_B_cthre_2": 1.4021752753192234e-05, 
        "B_cthre_cll1": -0.0039057942698209947, 
        "u_B_cthre_cll1": 5.9236173718869197e-06, 
        "B_cthre_ctgre": 0.060668793270517371, 
        "u_B_cthre_ctgre": 3.1058974933680417e-05
    }, 
    "80.0": {
        "A_chl3": -0.12873740828634636, 
        "u_A_chl3": 1.5948850118608786e-05, 
        "A_chbox": 0.1287363651614537, 
        "u_A_chbox": 2.2588315187174501e-05, 
        "A_cll1": 0.06436864806587005, 
        "u_A_cll1": 1.12993404554231e-05, 
        "A_chdd": -0.03218403142258279, 
        "u_A_chdd": 5.6711749996413645e-06, 
        "A_chg": 23.869268553782277, 
        "u_A_chg": 0.059801939664058321, 
        "A_ctgre": -1.0021766609620331, 
        "u_A_ctgre": 0.0028516910576050119, 
        "A_cthre": -0.12940768592700183, 
        "u_A_cthre": 2.2661705184010536e-05, 
        "B_chl3_2": 0.004020913030833845, 
        "u_B_chl3_2": 2.7826178874029396e-05, 
        "B_chl3_cll1": -0.003935081385182551, 
        "u_B_chl3_cll1": 6.7579859219131146e-06, 
        "B_chl3_ctgre": 0.060763256251521097, 
        "u_B_chl3_ctgre": 0.00012277798322247563, 
        "B_chl3_cthre": 0.007870162378621974, 
        "u_B_chl3_cthre": 1.0360791112189888e-05, 
        "B_chbox_2": 0.0038923447853967483, 
        "u_B_chbox_2": 2.1211798521666359e-05, 
        "B_chbox_chl3": -0.007827426090779773, 
        "u_B_chbox_chl3": 1.2564613577220375e-05, 
        "B_chbox_cll1": 0.003888190821079663, 
        "u_B_chbox_cll1": 5.800288488556941e-06, 
        "B_chbox_chg": 2.4467244624303905, 
        "u_B_chbox_chg": 0.0061795674173792071, 
        "B_chbox_ctgre": -0.060743945496765206, 
        "u_B_chbox_ctgre": 0.0001728694488630596, 
        "B_chbox_cthre": -0.007850931026604025, 
        "u_B_chbox_cthre": 7.0839489758798541e-06, 
        "B_cll1_2": 0.000926550550546784, 
        "u_B_cll1_2": 1.8256689410728398e-05, 
        "B_chdd_2": 0.00022970810182900849, 
        "u_B_chdd_2": 1.6504070557390059e-05, 
        "B_chdd_chl3": 0.0019858232427561063, 
        "u_B_chdd_chl3": 9.9814885037091618e-06, 
        "B_chdd_chbox": -0.0019444502282496806, 
        "u_B_chdd_chbox": 5.8956756983817763e-06, 
        "B_chdd_cll1": -0.0009537950342239039, 
        "u_B_chdd_cll1": 7.1459783535003631e-06, 
        "B_chdd_chg": -0.6116809257205097, 
        "u_B_chdd_chg": 0.0015448838107968465, 
        "B_chdd_ctgre": 0.015169727781763601, 
        "u_B_chdd_ctgre": 4.3901349086648489e-05, 
        "B_chdd_cthre": 0.001976087961766918, 
        "u_B_chdd_cthre": 7.583280072146289e-06, 
        "B_chg_2": 390.64232193719334, 
        "u_B_chg_2": 1.4973887077553205, 
        "B_chg_chl3": -2.4467240384311264, 
        "u_B_chg_chl3": 0.0043695941320332473, 
        "B_chg_cll1": 1.2233623821420863, 
        "u_B_chg_cll1": 0.0030897960745351898, 
        "B_chg_ctgre": -19.130596403991856, 
        "u_B_chg_ctgre": 0.079575792040399176, 
        "B_chg_cthre": -2.4594874159189883, 
        "u_B_chg_cthre": 0.0062118289535700554, 
        "B_ctgre_2": 0.23813386749234874, 
        "u_B_ctgre_2": 0.0011766395435998547, 
        "B_ctgre_cll1": -0.030372842914700902, 
        "u_B_ctgre_cll1": 8.638242613594527e-05, 
        "B_cthre_2": 0.0039329444409348475, 
        "u_B_cthre_2": 1.8398126706648255e-05, 
        "B_cthre_cll1": -0.0038998237855746086, 
        "u_B_cthre_cll1": 7.368286921534641e-06, 
        "B_cthre_ctgre": 0.06106023024515296, 
        "u_B_cthre_ctgre": 0.00017395255394566083
    }, 
    "0.0": {
        "A_chl3": -0.12870757483812265, 
        "u_A_chl3": 6.9754721765025254e-06, 
        "A_chbox": 0.12870672252413223, 
        "u_A_chbox": 9.885125422004799e-06, 
        "A_cll1": 0.06435376754851443, 
        "u_A_cll1": 4.942470685356777e-06, 
        "A_chdd": -0.03217673461268539, 
        "u_A_chdd": 2.4728031415358599e-06, 
        "A_chg": 23.765010130726512, 
        "u_A_chg": 0.0034251274118112752, 
        "A_ctgre": -0.99574145882542597, 
        "u_A_ctgre": 0.00014232679202804004, 
        "A_cthre": -0.12937799053070317, 
        "u_A_cthre": 9.9127237513614555e-06, 
        "B_chl3_2": 0.00400358819076781, 
        "u_B_chl3_2": 1.1974187847419173e-05, 
        "B_chl3_cll1": -0.003933004074346341, 
        "u_B_chl3_cll1": 2.8671839253847553e-06, 
        "B_chl3_ctgre": 0.06034097723343531, 
        "u_B_chl3_ctgre": 7.1626690650540491e-06, 
        "B_chl3_cthre": 0.007851961155723598, 
        "u_B_chl3_cthre": 4.4255159095611155e-06, 
        "B_chbox_2": 0.0038969112130129743, 
        "u_B_chbox_2": 9.1534135871866731e-06, 
        "B_chbox_chl3": -0.007829915260865253, 
        "u_B_chbox_chl3": 5.4559532304306035e-06, 
        "B_chbox_cll1": 0.003880119501404837, 
        "u_B_chbox_cll1": 2.4498760560808984e-06, 
        "B_chbox_chg": 2.441095467699747, 
        "u_B_chbox_chg": 0.00028844728235661389, 
        "B_chbox_ctgre": -0.060370978772096504,