{
    "-0.5": {
        "A_chl3": -0.21828608109821682, 
        "u_A_chl3": 4.1781533283467982e-05, 
        "A_chbox": 0.21828341707688576, 
        "u_A_chbox": 5.9044367196943688e-05, 
        "A_cll1": 0.10914253467480829, 
        "u_A_cll1": 2.953058640884837e-05, 
        "A_chdd": -0.0545701895592541, 
        "u_A_chdd": 1.4737197986619808e-05, 
        "A_chg": 55.85259128485413, 
        "u_A_chg": 0.014751678768405578, 
        "A_ctgre": -1.6891009930806533, 
        "u_A_ctgre": 0.00050712720630530261, 
        "A_cthre": -0.21942366013558406, 
        "u_A_cthre": 5.9275938179838888e-05, 
        "B_chl3_2": 0.006804251439849791, 
        "u_B_chl3_2": 4.4208549203719619e-05, 
        "B_chl3_cll1": -0.006606537758516089, 
        "u_B_chl3_cll1": 8.7922183011573377e-06, 
        "B_chl3_ctgre": 0.10236471429028111, 
        "u_B_chl3_ctgre": 2.5940051528542408e-05, 
        "B_chl3_cthre": 0.01329426193355329, 
        "u_B_chl3_cthre": 1.807560170809911e-05, 
        "B_chbox_2": 0.006646817917851595, 
        "u_B_chbox_2": 3.2396204545692551e-05, 
        "B_chbox_chl3": -0.013253355655914545, 
        "u_B_chbox_chl3": 2.0602515987906065e-05, 
        "B_chbox_cll1": 0.006642869896189282, 
        "u_B_chbox_cll1": 1.0437249770651915e-05, 
        "B_chbox_chg": 3.2069103206840475, 
        "u_B_chbox_chg": 0.00066937415169020546, 
        "B_chbox_ctgre": -0.10242920106009813, 
        "u_B_chbox_ctgre": 3.2440264096355659e-05, 
        "B_chbox_cthre": -0.01331301064413772, 
        "u_B_chbox_cthre": 1.2133199129138782e-05, 
        "B_cll1_2": 0.0015789266641490752, 
        "u_B_cll1_2": 3.0785717553404333e-05, 
        "B_chdd_2": 0.00031051899439925486, 
        "u_B_chdd_2": 3.2380885430558305e-05, 
        "B_chdd_chl3": 0.003312330171989779, 
        "u_B_chdd_chl3": 1.6577278160820353e-05, 
        "B_chdd_chbox": -0.003272432643157593, 
        "u_B_chdd_chbox": 1.0526634917549006e-05, 
        "B_chdd_cll1": -0.0016026321312831205, 
        "u_B_chdd_cll1": 1.1760850815056829e-05, 
        "B_chdd_chg": -0.801727786855744, 
        "u_B_chdd_chg": 0.00016759040827280151, 
        "B_chdd_ctgre": 0.02556702976619632, 
        "u_B_chdd_ctgre": 1.073426245330187e-05, 
        "B_chdd_cthre": 0.0033595150110113338, 
        "u_B_chdd_cthre": 1.3031486551886794e-05, 
        "B_chg_2": 500.76165935543406, 
        "u_B_chg_2": 0.64636001480670402, 
        "B_chg_chl3": -3.206911412367835, 
        "u_B_chg_chl3": 0.00047349133919778838, 
        "B_chg_cll1": 1.603454929382239, 
        "u_B_chg_cll1": 0.00033491352584080682, 
        "B_chg_ctgre": -24.821616493399134, 
        "u_B_chg_ctgre": 0.0070701459891988226, 
        "B_chg_cthre": -3.2236398684266794, 
        "u_B_chg_cthre": 0.00067333561768842434, 
        "B_ctgre_2": 0.39623367881858201, 
        "u_B_ctgre_2": 0.00014660286267436035, 
        "B_ctgre_cll1": -0.051232025204580992, 
        "u_B_ctgre_cll1": 1.7907791549404438e-05, 
        "B_cthre_2": 0.006796807602527034, 
        "u_B_cthre_2": 3.4712001438606086e-05, 
        "B_cthre_cll1": -0.006592589263258312, 
        "u_B_cthre_cll1": 1.0167902727372318e-05, 
        "B_cthre_ctgre": 0.10293847355689584, 
        "u_B_cthre_ctgre": 3.1587608920811303e-05
    }, 
    "1.5": {
        "A_chl3": -0.21833921580900392, 
        "u_A_chl3": 2.5583330523812874e-05, 
        "A_chbox": 0.21833711159786995, 
        "u_A_chbox": 3.6163170298661931e-05, 
        "A_cll1": 0.1091690825157589, 
        "u_A_cll1": 1.8084947746849887e-05, 
        "A_chdd": -0.05458380616518654, 
        "u_A_chdd": 9.0262010543640834e-06, 
        "A_chg": 56.30445311209861, 
        "u_A_chg": 0.13796604019181938, 
        "A_ctgre": -1.7122889535597681, 
        "u_A_ctgre": 0.0043168262077390024, 
        "A_cthre": -0.21947642532146258, 
        "u_A_cthre": 3.6311282201474203e-05, 
        "B_chl3_2": 0.006793939348878139, 
        "u_B_chl3_2": 2.7243420051928133e-05, 
        "B_chl3_cll1": -0.006608340089282683, 
        "u_B_chl3_cll1": 5.5091584924629589e-06, 
        "B_chl3_ctgre": 0.10381311819890227, 
        "u_B_chl3_ctgre": 0.00018552803690922003, 
        "B_chl3_cthre": 0.013325203287387337, 
        "u_B_chl3_cthre": 1.1192068555662993e-05, 
        "B_chbox_2": 0.006629873935800108, 
        "u_B_chbox_2": 2.0525643252296464e-05, 
        "B_chbox_chl3": -0.013238213998521176, 
        "u_B_chbox_chl3": 1.3075313908286952e-05, 
        "B_chbox_cll1": 0.006625415382804314, 
        "u_B_chbox_cll1": 6.4204259671162869e-06, 
        "B_chbox_chg": 3.2361125690613624, 
        "u_B_chbox_chg": 0.0056604140202614938, 
        "B_chbox_ctgre": -0.1038043745919237, 
        "u_B_chbox_ctgre": 0.00026176929493376845, 
        "B_chbox_cthre": -0.013317898869845683, 
        "u_B_chbox_cthre": 7.4454675466448215e-06, 
        "B_cll1_2": 0.0016047009926619003, 
        "u_B_cll1_2": 1.9477218891011491e-05, 
        "B_chdd_2": 0.0003381862764820175, 
        "u_B_chdd_2": 1.989144125484438e-05, 
        "B_chdd_chl3": 0.003342494651349044, 
        "u_B_chdd_chl3": 1.0297349914023627e-05, 
        "B_chdd_chbox": -0.0032914584021215454, 
        "u_B_chdd_chbox": 6.1683464319834826e-06, 
        "B_chdd_cll1": -0.0016152307763055082, 
        "u_B_chdd_cll1": 7.3528569020255661e-06, 
        "B_chdd_chg": -0.8090282005930267, 
        "u_B_chdd_chg": 0.0014151102171441829, 
        "B_chdd_ctgre": 0.025932135226541721, 
        "u_B_chdd_ctgre": 6.5481782244854129e-05, 
        "B_chdd_cthre": 0.0033612775167214206, 
        "u_B_chdd_cthre": 8.1249254919380985e-06, 
        "B_chg_2": 509.7857556078314, 
        "u_B_chg_2": 1.8320510533311203, 
        "B_chg_chl3": -3.2361122963969957, 
        "u_B_chg_chl3": 0.0040025252959565048, 
        "B_chg_cll1": 1.6180560301376385, 
        "u_B_chg_cll1": 0.0028302101180051839, 
        "B_chg_ctgre": -25.60343634892045, 
        "u_B_chg_ctgre": 0.12430311136348819, 
        "B_chg_cthre": -3.2529933295998616, 
        "u_B_chg_cthre": 0.0056899559603882455, 
        "B_ctgre_2": 0.41344919093279797, 
        "u_B_ctgre_2": 0.0026410911722477264, 
        "B_ctgre_cll1": -0.051910046556276755, 
        "u_B_ctgre_cll1": 0.0001310445317776981, 
        "B_cthre_2": 0.00670424645757881, 
        "u_B_cthre_2": 2.1605130842405176e-05, 
        "B_cthre_cll1": -0.0066091463936652235, 
        "u_B_cthre_cll1": 6.5142438258912331e-06, 
        "B_cthre_ctgre": 0.10434621178681611, 
        "u_B_cthre_ctgre": 0.00026342708000384399
    }, 
    "3.5": {
        "A_chl3": -0.21744994552954927, 
        "u_A_chl3": 0.00068401368770615214, 
        "A_chbox": 0.2174478626101238, 
        "u_A_chbox": 0.00096733289751833222, 
        "A_cll1": 0.10872386447495645, 
        "u_A_cll1": 0.00048370769455337726, 
        "A_chdd": -0.05436134895120125, 
        "u_A_chdd": 0.00024182165186208718, 
        "A_chg": 56.77616125837166, 
        "u_A_chg": 0.47951495102340219, 
        "A_ctgre": -1.7602001103462892, 
        "u_A_ctgre": 0.017437447206241893, 
        "A_cthre": -0.2185820859511617, 
        "u_A_cthre": 0.00097238279233688375, 
        "B_chl3_2": 0.00680701822134093, 
        "u_B_chl3_2": 5.9376391012372466e-05, 
        "B_chl3_cll1": -0.0065789927775721175, 
        "u_B_chl3_cll1": 2.3417820008698245e-05, 
        "B_chl3_ctgre": 0.10667013573223796, 
        "u_B_chl3_ctgre": 0.00074882628124577229, 
        "B_chl3_cthre": 0.013272012905348159, 
        "u_B_chl3_cthre": 4.6932935677607081e-05, 
        "B_chbox_2": 0.006561080875176293, 
        "u_B_chbox_2": 5.1897529935648309e-05, 
        "B_chbox_chl3": -0.013140073641275434, 
        "u_B_chbox_chl3": 5.0194557790497548e-05, 
        "B_chbox_cll1": 0.006590114534735743, 
        "u_B_chbox_cll1": 3.1795256213731569e-05, 
        "B_chbox_chg": 3.288352788578888, 
        "u_B_chbox_chg": 0.023840453071997222, 
        "B_chbox_ctgre": -0.10673824665495733,