{
  "bb": {
    "A_chdd": -0.029999999999999999, 
    "u_A_chdd": 0.0005, 
    "A_chbox": 0.121, 
    "u_A_chbox": 0.0005, 
    "A_chl3": -0.121, 
    "u_A_chl3": 0.0005, 
    "A_cll1": 0.060999999999999999, 
    "u_A_cll1": 0.0005, 
    "A_cdhre": -0.121, 
    "u_A_cdhre": 0.0005
}, 
"cc": {
    "A_chdd": -0.029999999999999999, 
    "u_A_chdd": 0.0005, 
    "A_chbox": 0.121, 
    "u_A_chbox": 0.0005, 
    "A_chl3": -0.121, 
    "u_A_chl3": 0.0005, 
    "A_cll1": 0.060999999999999999, 
    "u_A_cll1": 0.0005, 
    "A_cuhre": -0.121, 
    "u_A_cuhre": 0.0005
}, 
"tautau": {
    "A_chdd": -0.029999999999999999, 
    "u_A_chdd": 0.0005, 
    "A_chbox": 0.121, 
    "u_A_chbox": 0.0005, 
    "A_chl3": -0.121, 
    "u_A_chl3": 0.0005, 
    "A_cll1": 0.060999999999999999, 
    "u_A_cll1": 0.0005, 
    "A_cehre": -0.121, 
    "u_A_cehre": 0.0005
}, 
"gg": {
    "A_chg": 37.525999999999996, 
    "u_A_chg": 0.0005
}, 
"Zgam": {
    "A_chw": -14.732000000000001, 
    "u_A_chw": 0.0005, 
    "A_chb": 14.732000000000001, 
    "u_A_chb": 0.0005, 
    "A_chwb": 9.8209999999999997, 
    "u_A_chwb": 0.0005
}, 
"gamgam": {
    "A_chw": -14.004000000000001, 
    "u_A_chw": 0.0005, 
    "A_chb": -48.803000000000004, 
    "u_A_chb": 0.0005, 
    "A_chwb": 26.129000000000001, 
    "u_A_chwb": 0.0005
},
  "llll": {
    "A_chw": 0.01,
    "u_A_chw": 0.0005,
    "A_chb": -0.1,
    "u_A_chb": 0.0005,
    "A_chwb": -0.031,
    "u_A_chwb": 0.0005,
    "A_chdd": 0.016,
    "u_A_chdd": 0.0005,
    "A_chbox": 0.121,
    "u_A_chbox": 0.0005,
    "A_chl1": 0.138,
    "u_A_chl1": 0.0005,
    "A_chl3": -0.168,
    "u_A_chl3": 0.0005,
    "A_che": -0.094,
    "u_A_che": 0.0005,
    "A_chq1": -0.023,
    "u_A_chq1": 0.0005,
    "A_chq3": -0.079,
    "u_A_chq3": 0.0005,
    "A_chu": -0.012,
    "u_A_chu": 0.0005,
    "A_chd": 0.009000000000000001,
    "u_A_chd": 0.0005,
    "A_cll1": 0.133,
    "u_A_cll1": 0.0005
},
"llnunu": {
    "A_chw": -0.08800000000000001,
    "u_A_chw": 0.0005,
    "A_chb": -0.001,
    "u_A_chb": 0.0005,
    "A_chwb": -0.003,
    "u_A_chwb": 0.0005,
    "A_chdd": -0.031,
    "u_A_chdd": 0.0005,
    "A_chbox": 0.121,
    "u_A_chbox": 0.0005,
    "A_chl3": -0.151,
    "u_A_chl3": 0.0005,
    "A_che": -0.002,
    "u_A_che": 0.0005,
    "A_chq1": -0.001,
    "u_A_chq1": 0.0005,
    "A_chq3": -0.078,
    "u_A_chq3": 0.0005,
    "A_chu": -0.001,
    "u_A_chu": 0.0005,
    "A_cll1": 0.124,
    "u_A_cll1": 0.0005
},
"llqq": {
    "A_chw": 0.038,
    "u_A_chw": 0.0005,
    "A_chb": -0.102,
    "u_A_chb": 0.0005,
    "A_chwb": -0.045,
    "u_A_chwb": 0.0005,
    "A_chdd": 0.027999999999999997,
    "u_A_chdd": 0.0005,
    "A_chbox": 0.121,
    "u_A_chbox": 0.0005,
    "A_chl1": 0.075,
    "u_A_chl1": 0.0005,
    "A_chl3": -0.23,
    "u_A_chl3": 0.0005,
    "A_che": -0.043,
    "u_A_che": 0.0005,
    "A_chq1": -0.002,
    "u_A_chq1": 0.0005,
    "A_chq3": -0.013000000000000001,
    "u_A_chq3": 0.0005,
    "A_chu": -0.002,
    "u_A_chu": 0.0005,
    "A_chd": 0.001,
    "u_A_chd": 0.0005,
    "A_cll1": 0.132,
    "u_A_cll1": 0.0005
},
"lnuqq": {
    "A_chw": -0.09,
    "u_A_chw": 0.0005,
    "A_chdd": -0.03,
    "u_A_chdd": 0.0005,
    "A_chbox": 0.121,
    "u_A_chbox": 0.0005,
    "A_chl3": -0.21899999999999997,
    "u_A_chl3": 0.0005,
    "A_chq3": -0.008,
    "u_A_chq3": 0.0005,
    "A_cll1": 0.124,
    "u_A_cll1": 0.0005
},
"nunuqq": {
    "A_chw": 0.006999999999999999,
    "u_A_chw": 0.0005,
    "A_chb": -0.067,
    "u_A_chb": 0.0005,
    "A_chwb": -0.047,
    "u_A_chwb": 0.0005,
    "A_chdd": 0.008,
    "u_A_chdd": 0.0005,
    "A_chbox": 0.121,
    "u_A_chbox": 0.0005,
    "A_chl1": -0.05,
    "u_A_chl1": 0.0005,
    "A_chl3": -0.23600000000000002,
    "u_A_chl3": 0.0005,
    "A_che": 0.009000000000000001,
    "u_A_che": 0.0005,
    "A_chq1": -0.002,
    "u_A_chq1": 0.0005,
    "A_chq3": -0.013000000000000001,
    "u_A_chq3": 0.0005,
    "A_chu": -0.002,
    "u_A_chu": 0.0005,
    "A_chd": 0.001,
    "u_A_chd": 0.0005,
    "A_cll1": 0.132,
    "u_A_cll1": 0.0005
},
"qqqq": {
    "A_chw": -0.073,
    "u_A_chw": 0.0005,
    "A_chb": -0.015,
    "u_A_chb": 0.0005,
    "A_chwb": -0.005,
    "u_A_chwb": 0.0005,
    "A_chg": -0.037000000000000005,
    "u_A_chg": 0.0005,
    "A_chdd": -0.022000000000000002,
    "u_A_chdd": 0.0005,
    "A_chbox": 0.121,
    "u_A_chbox": 0.0005,
    "A_chl1": 0.001,
    "u_A_chl1": 0.0005,
    "A_chl3": -0.28800000000000003,
    "u_A_chl3": 0.0005,
    "A_che": 0.001,
    "u_A_che": 0.0005,
    "A_chq1": 0.002,
    "u_A_chq1": 0.0005,
    "A_chq3": 0.057999999999999996,
    "u_A_chq3": 0.0005,
    "A_chu": 0.001,
    "u_A_chu": 0.0005,
    "A_chd": -0.001,
    "u_A_chd": 0.0005,
    "A_cll1": 0.125,
    "u_A_cll1": 0.0005
},
  "tot": {
      "A_chb": -0.090774,
      "u_A_chb": 0.00030258,
      "A_chw": -0.07322436,
      "u_A_chw": 0.00030258,
      "A_chwb": 0.07322436,
      "u_A_chwb": 0.00030258,
      "A_chg": 3.0621096000000003,
      "u_A_chg": 0.0,
      "A_chbox": 0.11074428,
      "u_A_chbox": 0.00030258,
      "A_chdd": -0.02602188,
      "u_A_chdd": 0.00030258,
      "A_cll1": 0.07080372,
      "u_A_cll1": 0.00030258,
      "A_cuhre": -0.003482,
      "u_A_cuhre": 0.00000218,
      "A_cdhre": -0.0701,
      "u_A_cdhre": 0.0000723,
      "A_cehre": -0.0075968,
      "u_A_cehre": 0.0003088,
      "A_chq1": 0.000121032,
      "u_A_chq1": 0.000030258,
      "A_chq3": 0.00363096,
      "u_A_chq3": 0.00030258,
      "A_chu": 6.0516e-05,
      "u_A_chu": 0.000030258,
      "A_chd": -4.23612e-05,
      "u_A_chd": 0.0000030258,
      "A_chl1": -5.44644e-05,
      "u_A_chl1": 0.0000030258,
      "A_chl3": -0.14039712,
      "u_A_chl3": 0.00030258,
      "A_che": -3.6309599999999995e-05,
      "u_A_che": 0.0000030258
  }  
}