{
  "tot": {
      "A_chb": -0.090774,
      "u_A_chb": 0.00030258,
      "A_chw": -0.07322436,
      "u_A_chw": 0.00030258,
      "A_chwb": 0.07322436,
      "u_A_chwb": 0.00030258,
      "A_chg": 3.0621096000000003,
      "u_A_chg": 0.0,
      "A_chbox": 0.11074428,
      "u_A_chbox": 0.00030258,
      "A_chdd": -0.02602188,
      "u_A_chdd": 0.00030258,
      "A_cll1": 0.07080372,
      "u_A_cll1": 0.00030258,
      "A_cuhre": -0.4750506,
      "u_A_cuhre": 0.00030258,
      "A_cdhre": -2.935026,
      "u_A_cdhre": 0.0030258,
      "A_cehre": -0.7443468000000001,
      "u_A_cehre": 0.0030258,
      "A_chq1": 0.000121032,
      "u_A_chq1": 0.000030258,
      "A_chq3": 0.00363096,
      "u_A_chq3": 0.00030258,
      "A_chu": 6.0516e-05,
      "u_A_chu": 0.000030258,
      "A_chd": -4.23612e-05,
      "u_A_chd": 0.0000030258,
      "A_chl1": -5.44644e-05,
      "u_A_chl1": 0.0000030258,
      "A_chl3": -0.14039712,
      "u_A_chl3": 0.00030258,
      "A_che": -3.6309599999999995e-05,
      "u_A_che": 0.0000030258
  }
}