{
    "0.0": {
        "A_chwtil": -0.00013184491597970666, 
        "u_A_chwtil": 0.000943921470297406, 
        "A_chbtil": -0.0006087273617128454, 
        "u_A_chbtil": 0.0021934074146181047, 
        "A_chwbtil": 0.00013462525457813828, 
        "u_A_chwbtil": 0.001197998771193803, 
        "A_chbox": 0.12124809481685939, 
        "u_A_chbox": 1.2797930312315198e-06, 
        "A_chdd": 0.014426356283439539, 
        "u_A_chdd": 0.0005896583670399006, 
        "A_chw": -0.006060128712972721, 
        "u_A_chw": 0.0014163607699058899, 
        "A_chb": -0.09791646848543366, 
        "u_A_chb": 0.002464767935165696, 
        "A_chwb": 0.0015440250079329077, 
        "u_A_chwb": 0.001321115169120542, 
        "A_chl1": 0.12839586026006147, 
        "u_A_chl1": 0.00021578933230980527, 
        "A_chl3": -0.23534843146566523, 
        "u_A_chl3": 0.00021578907762829, 
        "A_che": -0.10139162226053777, 
        "u_A_che": 0.00026466875496080537, 
        "A_cll1": 0.18187214144071423, 
        "u_A_cll1": 1.9185501298974115e-06, 
        "B_chwtil_2": 0.08052550042624096, 
        "u_B_chwtil_2": 0.0022605081190254514, 
        "B_chbtil_2": 0.374591724501769, 
        "u_B_chbtil_2": 0.02624500270085716, 
        "B_chwbtil_2": 0.11274432738251461, 
        "u_B_chwbtil_2": 0.007577944539564205, 
        "B_chbox_2": 0.0036752761271289457, 
        "u_B_chbox_2": 3.8725218026429136e-08, 
        "B_chdd_2": 0.018090200449405628, 
        "u_B_chdd_2": 3.916841168456387e-05, 
        "B_chw_2": 0.1230571478510331, 
        "u_B_chw_2": 0.0016285725175365635, 
        "B_chb_2": 0.4264461398000909, 
        "u_B_chb_2": 0.0179429324697198, 
        "B_chwb_2": 0.12277743692675723, 
        "u_B_chwb_2": 0.005205461702861016, 
        "B_chl1_2": 0.006560718114582268, 
        "u_B_chl1_2": 1.3104307749343851e-05, 
        "B_chl3_2": 0.01628656544673302, 
        "u_B_chl3_2": 2.655706763017176e-05, 
        "B_che_2": 0.006223101285893095, 
        "u_B_che_2": 1.8738089132362372e-05, 
        "B_cll1_2": 0.008269372484299924, 
        "u_B_cll1_2": 8.722285225348964e-08, 
        "B_chwtil_chbtil": 0.05821901481630542, 
        "u_B_chwtil_chbtil": 0.015148948926631328, 
        "B_chwtil_chwbtil": -0.166415094543639, 
        "u_B_chwtil_chwbtil": 0.008197628690479545, 
        "B_chwtil_chbox": -7.992224452272453e-06, 
        "u_B_chwtil_chbox": 5.722434389577556e-05, 
        "B_chwtil_chdd": 4.05042496739977e-05, 
        "u_B_chwtil_chdd": 0.00013308390893999406, 
        "B_chwtil_chw": -0.001751474105771384, 
        "u_B_chwtil_chw": 0.0016132100256606465, 
        "B_chwtil_chb": -0.007287210310210686, 
        "u_B_chwtil_chb": 0.005545661970434283, 
        "B_chwtil_chwb": 0.0036236650952982574, 
        "u_B_chwtil_chwb": 0.002985032859111028, 
        "B_chwtil_chl1": -2.1230102218578557e-05, 
        "u_B_chwtil_chl1": 6.36824409822812e-05, 
        "B_chwtil_chl3": 2.7489731070503542e-06, 
        "u_B_chwtil_chl3": 0.00013845171005156905, 
        "B_chwtil_che": -3.505886338959085e-05, 
        "u_B_chwtil_che": 7.176606743243693e-05, 
        "B_chwtil_cll1": -1.1988457246167664e-05, 
        "u_B_chwtil_cll1": 8.583651944996564e-05, 
        "B_chbtil_chwbtil": -0.2549413387682478, 
        "u_B_chbtil_chwbtil": 0.028142346278914983, 
        "B_chbtil_chbox": -3.6902549593847205e-05, 
        "u_B_chbtil_chbox": 0.00013297324432649528, 
        "B_chbtil_chdd": -0.0003742249220872937, 
        "u_B_chbtil_chdd": 0.00029663429359061394, 
        "B_chbtil_chw": -0.007617556492913613, 
        "u_B_chbtil_chw": 0.005557410816056558, 
        "B_chbtil_chb": -0.024728782018592885, 
        "u_B_chbtil_chb": 0.019204668085088347, 
        "B_chbtil_chwb": 0.013280529882205527, 
        "u_B_chbtil_chwb": 0.010324321162751369, 
        "B_chbtil_chl1": -5.0505531041664464e-05, 
        "u_B_chbtil_chl1": 0.00010666851661419069, 
        "B_chbtil_chl3": 6.020538934573245e-05, 
        "u_B_chbtil_chl3": 0.00034134436566425445, 
        "B_chbtil_che": -1.7063236117736183e-06, 
        "u_B_chbtil_che": 0.00011054933121075452, 
        "B_chbtil_cll1": -5.5353798785100425e-05, 
        "u_B_chbtil_cll1": 0.00019945983045099663, 
        "B_chwbtil_chbox": 8.162184593986417e-06, 
        "u_B_chwbtil_chbox": 7.262754585740025e-05, 
        "B_chwbtil_chdd": 7.081637311194277e-05, 
        "u_B_chwbtil_chdd": 0.0001688416864826595, 
        "B_chwbtil_chw": 0.003706411656536587, 
        "u_B_chwbtil_chw": 0.002987122101553058, 
        "B_chwbtil_chb": 0.013493550036010845, 
        "u_B_chwbtil_chb": 0.010315022389559782, 
        "B_chwbtil_chwb": -0.0069793191459478635, 
        "u_B_chwbtil_chwb": 0.0055480893668925805, 
        "B_chwbtil_chl1": 2.326652383562113e-05, 
        "u_B_chwbtil_chl1": 5.597448397125067e-05, 
        "B_chwbtil_chl3": -1.2180840152320563e-06, 
        "u_B_chwbtil_chl3": 0.0001918609261428361, 
        "B_chwbtil_che": 4.0502461301215745e-05, 
        "u_B_chwbtil_che": 7.149591591852996e-05, 
        "B_chwbtil_cll1": 1.2243288702397554e-05, 
        "u_B_chwbtil_cll1": 0.00010894131470942887, 
        "B_chbox_chdd": 0.0008745851062444749, 
        "u_B_chbox_chdd": 3.574747769539145e-05, 
        "B_chbox_chw": -0.00036738892838280256, 
        "u_B_chbox_chw": 8.586552330540193e-05, 
        "B_chbox_chb": -0.005936092141533264, 
        "u_B_chbox_chb": 0.0001494242152273015, 
        "B_chbox_chwb": 9.360583401937031e-05, 
        "u_B_chbox_chwb": 8.009134824750465e-05, 
        "B_chbox_chl1": 0.007783877430485253, 
        "u_B_chbox_chl1": 1.3082023003518415e-05, 
        "B_chbox_chl3": -0.014267774039974363, 
        "u_B_chbox_chl3": 1.3082007247847856e-05, 
        "B_chbox_che": -0.006146770054499536, 
        "u_B_chbox_che": 1.6045291446758972e-05, 
        "B_chbox_cll1": 0.011025827825051944, 
        "u_B_chbox_cll1": 1.1631790362542929e-07, 
        "B_chdd_chw": 0.044533108029299745, 
        "u_B_chdd_chw": 0.00017967173952107945, 
        "B_chdd_chb": -0.04942636379467401, 
        "u_B_chdd_chb": 0.0003304072590578751, 
        "B_chdd_chwb": 0.010164869267945263, 
        "u_B_chdd_chwb": 0.00018019685833528304, 
        "B_chdd_chl1": 0.010587726741921523, 
        "u_B_chdd_chl1": 3.86537707999522e-05, 
        "B_chdd_chl3": 0.0079639745932634, 
        "u_B_chdd_chl3": 7.96736602296578e-05, 
        "B_chdd_che": 0.011481189512380675, 
        "u_B_chdd_che": 4.6561042259928437e-05, 
        "B_chdd_cll1": 0.0013118774076983472, 
        "u_B_chdd_cll1": 5.3621216079414026e-05, 
        "B_chw_chb": -0.022924354204590044, 
        "u_B_chw_chb": 0.010426397862422096, 
        "B_chw_chwb": -0.17587087110844943, 
        "u_B_chw_chwb": 0.005698818717213812, 
        "B_chw_chl1": 0.002063999153980085, 
        "u_B_chw_chl1": 0.00010918159002261152, 
        "B_chw_chl3": 0.0031661679375419526, 
        "u_B_chw_chl3": 0.00019518461999691524, 
        "B_chw_che": 0.0028182844939379998, 
        "u_B_chw_che": 0.00011996308319423926, 
        "B_chw_cll1": -0.0005510835058632474, 
        "u_B_chw_cll1": 0.00012879828691091005, 
        "B_chb_chwb": -0.25857328895534437, 
        "u_B_chb_chwb": 0.01923722325989819, 
        "B_chb_chl1": -0.00835022622773969, 
        "u_B_chb_chl1": 0.00014749229167450138, 
        "B_chb_chl3": 0.009458052057301077, 
        "u_B_chb_chl3": 0.00036050806408982465, 
        "B_chb_che": 0.0006488299018815241, 
        "u_B_chb_che": 0.0001573912972630276, 
        "B_chb_cll1": -0.008904138199604048, 
        "u_B_chb_cll1": 0.00022413637737325878, 
        "B_chwb_chl1": 0.00862175902038131, 
        "u_B_chwb_chl1": 6.630391751559481e-05, 
        "B_chwb_chl3": 0.008340944109403078, 
        "u_B_chwb_chl3": 0.0002039730160234286, 
        "B_chwb_che": 0.011920961525995024, 
        "u_B_chwb_che": 9.202722376209435e-05, 
        "B_chwb_cll1": 0.00014040838432589697, 
        "u_B_chwb_cll1": 0.0001201370289029873,