{
    "gamgam": {
        "A_chb": -40.15, 
        "u_A_chb": 0.5, 
        "A_chw": -13.08, 
        "u_A_chw": 0.5, 
        "A_chwb": 22.4, 
        "u_A_chwb": 0.5, 
        "A_cw": -0.9463, 
        "u_A_cw": 0.005, 
        "A_chbox": 0.12, 
        "u_A_chbox": 0.005, 
        "A_chdd": -0.2417, 
        "u_A_chdd": 0.005, 
        "A_cuhre": 0.03447, 
        "u_A_cuhre": 0.0005, 
        "A_cuwre": -1.151, 
        "u_A_cuwre": 0.05, 
        "A_cubre": -2.15, 
        "u_A_cubre": 0.05, 
        "A_chl3": -0.3637, 
        "u_A_chl3": 0.005, 
        "A_cll1": 0.1819, 
        "u_A_cll1": 0.005
    }, 
    "ZZ": {
        "A_chbox": 0.12, 
        "u_A_chbox": 0.005, 
        "A_chdd": 0.005, 
        "u_A_chdd": 5e-05, 
        "A_chw": -0.296, 
        "u_A_chw": 0.005, 
        "A_chb": -0.197, 
        "u_A_chb": 0.005, 
        "A_chwb": 0.296, 
        "u_A_chwb": 0.005, 
        "A_chl1": 0.126, 
        "u_A_chl1": 0.005, 
        "A_chl3": -0.234, 
        "u_A_chl3": 0.005, 
        "A_che": -0.101, 
        "u_A_che": 0.005, 
        "A_cll1": 0.181, 
        "u_A_cll1": 0.005
    }, 
    "bb": {
        "A_chbox": 0.12, 
        "u_A_chbox": 0.005, 
        "A_chdd": -0.03, 
        "u_A_chdd": 0.0005, 
        "A_cdhre": -0.121, 
        "u_A_cdhre": 0.005, 
        "A_chl3": -0.121, 
        "u_A_chl3": 0.005, 
        "A_cll1": 0.061, 
        "u_A_cll1": 0.0005
    }, 
    "tot": {
        "A_cw": -0.001, 
        "u_A_cw": 4.9999999999999996e-06, 
        "A_chbox": 0.12, 
        "u_A_chbox": 0.005, 
        "A_chdd": -0.03, 
        "u_A_chdd": 0.0005, 
        "A_chg": 1.362, 
        "u_A_chg": 0.05, 
        "A_chw": -0.048, 
        "u_A_chw": 0.0005, 
        "A_chb": -0.049, 
        "u_A_chb": 0.0005, 
        "A_chwb": 0.046, 
        "u_A_chwb": 0.0005, 
        "A_cehre": -0.005, 
        "u_A_cehre": 5e-05, 
        "A_cuhre": -0.012, 
        "u_A_cuhre": 0.0005, 
        "A_cdhre": -0.085, 
        "u_A_cdhre": 0.0005, 
        "A_cugre": 0.051, 
        "u_A_cugre": 0.0005, 
        "A_cuwre": -0.002, 
        "u_A_cuwre": 5e-05, 
        "A_cubre": -0.003, 
        "u_A_cubre": 5e-05, 
        "A_chl3": -0.15, 
        "u_A_chl3": 0.005, 
        "A_chq3": 0.013, 
        "u_A_chq3": 0.0005, 
        "A_cll1": 0.079, 
        "u_A_cll1": 0.0005
    }
}