{
    "450.0": {
        "A_chl3": -0.21993180794436204, 
        "u_A_chl3": 0.00078569293790063611, 
        "A_chbox": 0.2199321246082121, 
        "u_A_chbox": 0.0011111828688428074, 
        "A_cll1": 0.1099669564071582, 
        "u_A_cll1": 0.00055557220830634575, 
        "A_chdd": -0.05498329634955934, 
        "u_A_chdd": 0.00027777739917409525, 
        "A_chg": 54.93624023071477, 
        "u_A_chg": 0.55264961247542188, 
        "A_ctgre": -3.0922622374939177, 
        "u_A_ctgre": 0.052150594183688365, 
        "A_cthre": -0.2210795851602906, 
        "u_A_cthre": 0.0011169629419907584, 
        "B_chl3_2": 0.006590758653295888, 
        "u_B_chl3_2": 5.3589893219774198e-05, 
        "B_chl3_cll1": -0.006637643161572632, 
        "u_B_chl3_cll1": 2.5729661005915524e-05, 
        "B_chl3_ctgre": 0.18746250407616011, 
        "u_B_chl3_ctgre": 0.002235263183898154, 
        "B_chl3_cthre": 0.013437888903056493, 
        "u_B_chl3_cthre": 5.1276419814441506e-05, 
        "B_chbox_2": 0.006723711864552231, 
        "u_B_chbox_2": 4.6485982538471224e-05, 
        "B_chbox_chl3": -0.013361355202258325, 
        "u_B_chbox_chl3": 5.1091153739099762e-05, 
        "B_chbox_cll1": 0.006670161787055897, 
        "u_B_chbox_cll1": 3.5294157317441319e-05, 
        "B_chbox_chg": 5.332374020175334, 
        "u_B_chbox_chg": 0.055433017116519712, 
        "B_chbox_ctgre": -0.18747349964028134, 
        "u_B_chbox_ctgre": 0.0031623452875112062, 
        "B_chbox_cthre": -0.013412055613715905, 
        "u_B_chbox_cthre": 6.8666884604043143e-05, 
        "B_cll1_2": 0.0015915020796441338, 
        "u_B_cll1_2": 3.5564341976658946e-05, 
        "B_chdd_2": 0.000439955817457141, 
        "u_B_chdd_2": 3.152173288777173e-05, 
        "B_chdd_chl3": 0.0033073493500562325, 
        "u_B_chdd_chl3": 2.1514898119886771e-05, 
        "B_chdd_chbox": -0.003354209352366462, 
        "u_B_chdd_chbox": 2.1037124800999015e-05, 
        "B_chdd_cll1": -0.0016517618206386728, 
        "u_B_chdd_cll1": 1.5510719966509715e-05, 
        "B_chdd_chg": -1.333093270027689, 
        "u_B_chdd_chg": 0.013858194245667539, 
        "B_chdd_ctgre": 0.046878976536028495, 
        "u_B_chdd_ctgre": 0.00079050754065859751, 
        "B_chdd_cthre": 0.003343688660751606, 
        "u_B_chdd_cthre": 2.104408954435638e-05, 
        "B_chg_2": 856.1284171234728, 
        "u_B_chg_2": 20.683790085535367, 
        "B_chg_chl3": -5.332375056806804, 
        "u_B_chg_chl3": 0.03919717474084853, 
        "B_chg_cll1": 2.666185538566653, 
        "u_B_chg_cll1": 0.027716365470102606, 
        "B_chg_ctgre": -89.389059359150593, 
        "u_B_chg_ctgre": 2.0339694967221424, 
        "B_chg_cthre": -5.360190912861904, 
        "u_B_chg_cthre": 0.055722177311416855, 
        "B_ctgre_2": 1.6778344277812853, 
        "u_B_ctgre_2": 0.062330864756762791, 
        "B_ctgre_cll1": -0.09374930961737217, 
        "u_B_ctgre_cll1": 0.0015811717193476029, 
        "B_cthre_2": 0.0066950289166998475, 
        "u_B_cthre_2": 4.9575118029813725e-05, 
        "B_cthre_cll1": -0.006677818089682324, 
        "u_B_cthre_cll1": 3.7294940143260739e-05, 
        "B_cthre_ctgre": 0.18844466425764406, 
        "u_B_cthre_ctgre": 0.0031774212965986377
    }, 
    "0.0": {
        "A_chl3": -0.22136918042400525, 
        "u_A_chl3": 0.00014695424668535197, 
        "A_chbox": 0.22136905314286157, 
        "u_A_chbox": 0.00020782449301101378, 
        "A_cll1": 0.1106847152346171, 
        "u_A_cll1": 0.00010391126752400661, 
        "A_chdd": -0.05534219594245874, 
        "u_A_chdd": 5.1956511857267572e-05, 
        "A_chg": 44.89559610719469, 
        "u_A_chg": 0.17248323646505848, 
        "A_ctgre": -2.4746447373254825, 
        "u_A_ctgre": 0.01404230155729728, 
        "A_cthre": -0.22252383523828603, 
        "u_A_cthre": 0.00020890778008343945, 
        "B_chl3_2": 0.0067141128131497935, 
        "u_B_chl3_2": 1.9367169084823277e-05, 
        "B_chl3_cll1": -0.00670833205566498, 
        "u_B_chl3_cll1": 5.7917714735841168e-06, 
        "B_chl3_ctgre": 0.15003384809649425, 
        "u_B_chl3_ctgre": 0.00060204790407165183, 
        "B_chl3_cthre": 0.013488095481314617, 
        "u_B_chl3_cthre": 1.1235227621295796e-05, 
        "B_chbox_2": 0.006717459624046595, 
        "u_B_chbox_2": 1.487699303932762e-05, 
        "B_chbox_chl3": -0.013425791861045217, 
        "u_B_chbox_chl3": 1.2336770960042096e-05, 
        "B_chbox_cll1": 0.006704604691115339, 
        "u_B_chbox_cll1": 7.6964824609977856e-06, 
        "B_chbox_chg": 4.370492553079681, 
        "u_B_chbox_chg": 0.016489674105392971, 
        "B_chbox_ctgre": -0.15001864866875458, 
        "u_B_chbox_ctgre": 0.00085129073251816515, 
        "B_chbox_cthre": -0.013497213022044185, 
        "u_B_chbox_cthre": 1.352334803695272e-05, 
        "B_cg_chg": 1.0024041731095427e-09, 
        "u_B_cg_chg": 1.002304734714441e-09, 
        "B_cll1_2": 0.0016604536712370105, 
        "u_B_cll1_2": 1.2578468323842694e-05, 
        "B_chdd_2": 0.00041036930659925266, 
        "u_B_chdd_2": 1.1997211749909162e-05, 
        "B_chdd_chl3": 0.0033570172826755357, 
        "u_B_chdd_chl3": 7.0690677661415214e-06, 
        "B_chdd_chbox": -0.0033589965172701347, 
        "u_B_chdd_chbox": 5.4024314417910629e-06, 
        "B_chdd_cll1": -0.0016719052314394542, 
        "u_B_chdd_cll1": 5.0246104597739569e-06, 
        "B_chdd_chg": -1.0926230411212454, 
        "u_B_chdd_chg": 0.0041224203948999651, 
        "B_chdd_ctgre": 0.037506586377397538, 
        "u_B_chdd_ctgre": 0.00021290684747517425, 
        "B_chdd_cthre": 0.0033736305531681023, 
        "u_B_chdd_cthre": 5.8401325335903773e-06, 
        "B_chg_2": 563.7050253052824, 
        "u_B_chg_2": 5.0977583625436056, 
        "B_chg_chl3": -4.370491883300529, 
        "u_B_chg_chl3": 0.01165996144382056, 
        "B_chg_cll1": 2.1852468029926557, 
        "u_B_chg_cll1": 0.0082448341010218761, 
        "B_chg_ctgre": -55.813578494899971, 
        "u_B_chg_ctgre": 0.68394748470409006, 
        "B_chg_cthre": -4.393290312285688, 
        "u_B_chg_cthre": 0.016575720827492837, 
        "B_ctgre_2": 1.0202430577491246, 
        "u_B_ctgre_2": 0.021277559455335635, 
        "B_ctgre_cll1": -0.075016130956899185, 
        "u_B_ctgre_cll1": 0.00042562746435175836, 
        "B_cthre_2": 0.006782834123955828, 
        "u_B_cthre_2": 1.4821976385363622e-05, 
        "B_cthre_cll1": -0.0067510842585786655, 
        "u_B_cthre_cll1": 8.0078730321384454e-06, 
        "B_cthre_ctgre": 0.15081466947016661, 
        "u_B_cthre_ctgre": 0.00085578004435511073
    }, 
    "600.0": {
        "A_chl3": -0.2199347016426872, 
        "u_A_chl3": 0.0012801683647338943, 
        "A_chbox": 0.21993589050934761, 
        "u_A_chbox": 0.0018103248091410635, 
        "A_cll1": 0.10996862153951753, 
        "u_A_cll1": 0.00090519254885979396, 
        "A_chdd": -0.05498324404256483, 
        "u_A_chdd": 0.0004525764140957573, 
        "A_chg": 75.56098677177273, 
        "u_A_chg": 2.1341708231898369, 
        "A_ctgre": -4.7022616994392461, 
        "u_A_ctgre": 0.15535630434595976, 
        "A_cthre": -0.22108326355477864, 
        "u_A_cthre": 0.0018198506786649342, 
        "B_chl3_2": 0.006561736046217301, 
        "u_B_chl3_2": 9.3635754769503618e-05, 
        "B_chl3_cll1": -0.006640077086802472, 
        "u_B_chl3_cll1": 4.077882184445956e-05, 
        "B_chl3_ctgre": 0.28507144748205882, 
        "u_B_chl3_ctgre": 0.0066599418911817499, 
        "B_chl3_cthre": 0.013420628192023889, 
        "u_B_chl3_cthre": 8.3112007401363376e-05, 
        "B_chbox_2": 0.006645480001043, 
        "u_B_chbox_2": 8.2452492819391093e-05, 
        "B_chbox_chl3": -0.013285557249422507, 
        "u_B_chbox_chl3": 8.866783075558395e-05, 
        "B_chbox_cll1": 0.0066454800435632785, 
        "u_B_chbox_cll1": 5.7912887306665558e-05, 
        "B_chbox_chg": 7.137626201072159, 
        "u_B_chbox_chg": 0.17177681369766457,