{
    "600.0": {
        "A_chl3": -0.12124452936642079, 
        "u_A_chl3": 0.00018691745205717505, 
        "A_chbox": 0.12124814573555732, 
        "u_A_chbox": 0.00025626778920426023, 
        "A_cll1": 0.060625872814604034, 
        "u_A_cll1": 0.00012962698608487668, 
        "A_chdd": -0.030312941555891332, 
        "u_A_chdd": 6.695717184968718e-05, 
        "A_chg": 75.91548961140738, 
        "u_A_chg": 3.6557993185742301, 
        "A_ctgre": -2.4277162940227761, 
        "u_A_ctgre": 0.42541321425007683, 
        "A_cthre": -0.1218827814491796, 
        "u_A_cthre": 0.00026105650467159918, 
        "B_chl3_2": 0.0032545952647073917, 
        "u_B_chl3_2": 0.00054243284013814896, 
        "B_chl3_cll1": -0.003616217562085294, 
        "u_B_chl3_cll1": 0.0, 
        "B_chl3_ctgre": 0.14708494876914094, 
        "u_B_chl3_ctgre": 0.018266851382580118, 
        "B_chl3_cthre": 0.007413245343255419, 
        "u_B_chl3_cthre": 0.00021201852883391802, 
        "B_chbox_2": 0.003616217356141721, 
        "u_B_chbox_2": 0.00036162135755654894, 
        "B_chbox_chl3": -0.0072324343003962975, 
        "u_B_chbox_chl3": 0.00025570521648836278, 
        "B_chbox_cll1": 0.0037970279871136986, 
        "u_B_chbox_cll1": 9.0405141078955294e-05, 
        "B_chbox_chg": 7.514654429774168, 
        "u_B_chbox_chg": 0.80889141579364465, 
        "B_chbox_ctgre": -0.14723336899618072, 
        "u_B_chbox_ctgre": 0.025793875672731746, 
        "B_chbox_cthre": -0.007322839409938711, 
        "u_B_chbox_cthre": 7.8290343030333601e-05, 
        "B_cll1_2": 0.000723243388850915, 
        "u_B_cll1_2": 2.1905066787737944e-07, 
        "B_chdd_2": 0.0003616217193068763, 
        "u_B_chdd_2": 0.00018081086593101976, 
        "B_chdd_chl3": 0.0018081084515329303, 
        "u_B_chdd_chl3": 0.00012785302340648095, 
        "B_chdd_chbox": -0.001808108781042647, 
        "u_B_chdd_chbox": 0.0, 
        "B_chdd_cll1": -0.0009040542257664651, 
        "u_B_chdd_cll1": 9.040573984592507e-05, 
        "B_chdd_chg": -1.8786428071426997, 
        "u_B_chdd_chg": 0.20222808038160869, 
        "B_chdd_ctgre": 0.036808349856351001, 
        "u_B_chdd_ctgre": 0.0064678054526837916, 
        "B_chdd_cthre": 0.001808108781042647, 
        "u_B_chdd_cthre": 0.0, 
        "B_chg_2": 2077.2754743432347, 
        "u_B_chg_2": 365.12075624709684, 
        "B_chg_chl3": -7.514571228570799, 
        "u_B_chg_chl3": 0.57198560833852941, 
        "B_chg_cll1": 3.7573416309371725, 
        "u_B_chg_cll1": 0.40445687003693598, 
        "B_chg_ctgre": -172.60801089870759, 
        "u_B_chg_ctgre": 27.281553715534958, 
        "B_chg_cthre": -7.553824897301088, 
        "u_B_chg_cthre": 0.81311497740165395, 
        "B_ctgre_2": 1.9869734814075954, 
        "u_B_ctgre_2": 0.72130443833230862, 
        "B_ctgre_cll1": -0.07361670309372681, 
        "u_B_ctgre_cll1": 0.012872012631121288, 
        "B_cthre_2": 0.0039778396478035395, 
        "u_B_cthre_2": 0.00018080737362579283, 
        "B_cthre_cll1": -0.003797028193057271, 
        "u_B_cthre_cll1": 9.0402978638652205e-05, 
        "B_cthre_ctgre": 0.14797550394162784, 
        "u_B_cthre_ctgre": 0.025880262018448182
    }, 
    "675.0": {
        "A_chl3": -0.12124636034431059, 
        "u_A_chl3": 0.0001683405876280615, 
        "A_chbox": 0.12124936982196853, 
        "u_A_chbox": 0.0002384366381076639, 
        "A_cll1": 0.06062378289144903, 
        "u_A_cll1": 0.00011902286841019362, 
        "A_chdd": -0.030311891445724506, 
        "u_A_chdd": 6.0415194726549992e-05, 
        "A_chg": 84.9211486343907, 
        "u_A_chg": 5.8650562218223028, 
        "A_ctgre": -2.0450708148946299, 
        "u_A_ctgre": 0.32152470523359755, 
        "A_cthre": -0.12187858679761923, 
        "u_A_cthre": 0.00023913910394732414, 
        "B_chl3_2": 0.0034956247521848918, 
        "u_B_chl3_2": 0.00039367820453536527, 
        "B_chl3_cll1": -0.0037367028316548723, 
        "u_B_chl3_cll1": 7.7806412145184443e-05, 
        "B_chl3_ctgre": 0.12388003408322568, 
        "u_B_chl3_ctgre": 0.013772890950503025, 
        "B_chl3_cthre": 0.007352866747139073, 
        "u_B_chl3_cthre": 0.00014346800550103415, 
        "B_chbox_2": 0.003495625411194598, 
        "u_B_chbox_2": 0.00020289597117998, 
        "B_chbox_chl3": -0.007232328105555781, 
        "u_B_chbox_chl3": 0.00012053599248037566, 
        "B_chbox_cll1": 0.0037367028316548723, 
        "u_B_chbox_cll1": 6.9590445379661472e-05, 
        "B_chbox_chg": 7.803290819884959, 
        "u_B_chbox_chg": 0.081411768317566593, 
        "B_chbox_ctgre": -0.12407790676668623, 
        "u_B_chbox_ctgre": 0.019512276342129247, 
        "B_chbox_cthre": -0.0072925971517600495, 
        "u_B_chbox_cthre": 0.00010144710778483711, 
        "B_cll1_2": 0.000964310285933328, 
        "u_B_cll1_2": 0.00013918632227047606, 
        "B_chdd_2": 0.00024107758473636767, 
        "u_B_chdd_2": 0.00013918622172639741, 
        "B_chdd_chl3": 0.0016875432887000703, 
        "u_B_chdd_chl3": 9.8419210157717638e-05, 
        "B_chdd_chbox": -0.0018080819577421007, 
        "u_B_chdd_chbox": 8.5233578326643629e-05, 
        "B_chdd_cll1": -0.0009643105330619678, 
        "u_B_chdd_cll1": 6.9592558274091121e-05, 
        "B_chdd_chg": -1.9509350798555012, 
        "u_B_chdd_chg": 0.020389414242401215, 
        "B_chdd_ctgre": 0.031019481199638099, 
        "u_B_chdd_ctgre": 0.0048929356521032856, 
        "B_chdd_cthre": 0.0018080819577421007, 
        "u_B_chdd_cthre": 8.5233578326644144e-05, 
        "B_chg_2": 3267.0378444319713, 
        "u_B_chg_2": 408.5054553436272, 
        "B_chg_chl3": -7.803328438355683, 
        "u_B_chg_chl3": 0.057558450363183272, 
        "B_chg_cll1": 3.901626875294495, 
        "u_B_chg_cll1": 0.040707652063233637, 
        "B_chg_ctgre": -165.90912700251056, 
        "u_B_chg_ctgre": 12.488421667733304, 
        "B_chg_cthre": -7.844058533242096, 
        "u_B_chg_cthre": 0.081865961235757234, 
        "B_ctgre_2": 1.3376247135202892, 
        "u_B_ctgre_2": 0.33003910133495529, 
        "B_ctgre_cll1": -0.061989491974427796, 
        "u_B_ctgre_cll1": 0.0097194733221779676, 
        "B_cthre_2": 0.003495625273900909, 
        "u_B_cthre_2": 0.00020289636541060441, 
        "B_cthre_cll1": -0.0036764333735695366, 
        "u_B_cthre_cll1": 0.00010144719957309185, 
        "B_cthre_ctgre": 0.12452318116202082, 
        "u_B_cthre_ctgre": 0.019589841930605034
    }, 
    "450.0": {
        "A_chl3": -0.12124565593583472, 
        "u_A_chl3": 8.2741582106082967e-05, 
        "A_chbox": 0.12124716392902266, 
        "u_A_chbox": 0.00011797273057843019, 
        "A_cll1": 0.06062403312640771, 
        "u_A_cll1": 5.8738146177783296e-05, 
        "A_chdd": -0.030310661017414708, 
        "u_A_chdd": 2.970634173984525e-05, 
        "A_chg": 65.92672191106197, 
        "u_A_chg": 2.8207754767068356, 
        "A_ctgre": -1.7321633895838977, 
        "u_A_ctgre": 0.15342653054306177, 
        "A_cthre": -0.12188260863593911, 
        "u_A_cthre": 0.00011880050338545746, 
        "B_chl3_2": 0.0034666591372862075, 
        "u_B_chl3_2": 0.0002326889651861717, 
        "B_chl3_cll1": -0.0036173839477009278, 
        "u_B_chl3_cll1": 0.0, 
        "B_chl3_ctgre": 0.10511578382974693, 
        "u_B_chl3_ctgre": 0.0065754094401499642, 
        "B_chl3_cthre": 0.007355347195517221, 
        "u_B_chl3_cthre": 5.5032721170828869e-05, 
        "B_chbox_2": 0.003798253103883974, 
        "u_B_chbox_2": 0.00012428938711090635, 
        "B_chbox_chl3": -0.007415636708234905, 
        "u_B_chbox_chl3": 8.7884813359740522e-05, 
        "B_chbox_cll1": 0.00364752870405977, 
        "u_B_chbox_cll1": 5.148026211192538e-05, 
        "B_chbox_chg": 5.810809246513522, 
        "u_B_chbox_chg": 0.30462477804842736, 
        "B_chbox_ctgre": -0.10491782298237394, 
        "u_B_chbox_ctgre": 0.0093012964784002054, 
        "B_chbox_cthre": -0.007475926220952588, 
        "u_B_chbox_cthre": 4.9224626607207814e-05,