{
    "600.0": {
        "A_chl3": -0.0766630313876914, 
        "u_A_chl3": 0.00011818808294978772, 
        "A_chbox": 0.07666531802134054, 
        "u_A_chbox": 0.0001620383671748707, 
        "A_cll1": 0.03833379711876216, 
        "u_A_cll1": 8.1963266753947247e-05, 
        "A_chdd": -0.01916690181483901, 
        "u_A_chdd": 4.2337083528366283e-05, 
        "A_chg": 48.00143638070927, 
        "u_A_chg": 2.3115653907975626, 
        "A_ctgre": -1.5350473247877823, 
        "u_A_ctgre": 0.26898918051988224, 
        "A_cthre": -0.0770665987874701, 
        "u_A_cthre": 0.0001650662765254843, 
        "B_chl3_2": 0.002057883685444011, 
        "u_B_chl3_2": 0.00034298080141455467, 
        "B_chl3_cll1": -0.002286537808473245, 
        "u_B_chl3_cll1": 0.0, 
        "B_chl3_ctgre": 0.09300195318559723, 
        "u_B_chl3_ctgre": 0.011550147525954095, 
        "B_chl3_cthre": 0.0046874020906715365, 
        "u_B_chl3_cthre": 0.00013405951770116258, 
        "B_chbox_2": 0.002286537678254928, 
        "u_B_chbox_2": 0.0002286535287792976, 
        "B_chbox_chl3": -0.004573075096073222, 
        "u_B_chbox_chl3": 0.000161682651910833, 
        "B_chbox_cll1": 0.0024008644124166095, 
        "u_B_chbox_cll1": 5.7163256803107494e-05, 
        "B_chbox_chg": 4.751523152656022, 
        "u_B_chbox_chg": 0.51146281256791148, 
        "B_chbox_ctgre": -0.093095799436505033, 
        "u_B_chbox_ctgre": 0.016309492153107435, 
        "B_chbox_cthre": -0.004630238332935744, 
        "u_B_chbox_cthre": 4.9503058459228645e-05, 
        "B_cll1_2": 0.0004573074835636587, 
        "u_B_cll1_2": 1.3850594591552125e-07, 
        "B_chdd_2": 0.0002286537575143741, 
        "u_B_chdd_2": 0.00011432688272650789, 
        "B_chdd_chl3": 0.001143268695887315, 
        "u_B_chdd_chl3": 8.0841588462933907e-05, 
        "B_chdd_chbox": -0.0011432689042366224, 
        "u_B_chdd_chbox": 0.0, 
        "B_chdd_cll1": -0.0005716343479436575, 
        "u_B_chdd_cll1": 5.7163635404032729e-05, 
        "B_chdd_chg": -1.1878676361139733, 
        "u_B_chdd_chg": 0.12786900782066615, 
        "B_chdd_ctgre": 0.023273954669232974, 
        "u_B_chdd_ctgre": 0.004089599547457229, 
        "B_chdd_cthre": 0.0011432689042366224, 
        "u_B_chdd_cthre": 0.0, 
        "B_chg_2": 1313.4632607560932, 
        "u_B_chg_2": 230.86620190404329, 
        "B_chg_chl3": -4.751470544455893, 
        "u_B_chg_chl3": 0.3616670448927401, 
        "B_chg_cll1": 2.375770691610211, 
        "u_B_chg_cll1": 0.25573846411578005, 
        "B_chg_ctgre": -109.14020967744747, 
        "u_B_chg_ctgre": 17.250152396387563, 
        "B_chg_cthre": -4.7762906765779585, 
        "u_B_chg_cthre": 0.51413337459503705, 
        "B_ctgre_2": 1.2563652246222394, 
        "u_B_ctgre_2": 0.45608148330415105, 
        "B_ctgre_cll1": -0.04654791147629115, 
        "u_B_ctgre_cll1": 0.0081389858455396188, 
        "B_cthre_2": 0.0025151917976698767, 
        "u_B_cthre_2": 0.00011432467453858695, 
        "B_cthre_cll1": -0.0024008645426349265, 
        "u_B_cthre_cll1": 5.7161889490044415e-05, 
        "B_cthre_ctgre": 0.093565052069296162, 
        "u_B_cthre_ctgre": 0.016364114321775453
    }, 
    "675.0": {
        "A_chl3": -0.07666532062570688, 
        "u_A_chl3": 0.00010644348488627303, 
        "A_chbox": 0.0766672235493815, 
        "u_A_chbox": 0.00015076593851996367, 
        "A_cll1": 0.03833304141846164, 
        "u_A_cll1": 7.5259383807862031e-05, 
        "A_chdd": -0.019166520709230816, 
        "u_A_chdd": 3.8201148976533484e-05, 
        "A_chg": 53.69651566835156, 
        "u_A_chg": 3.7085353692837946, 
        "A_ctgre": -1.2931193091564792, 
        "u_A_ctgre": 0.20330337789786138, 
        "A_cthre": -0.0770650839143806, 
        "u_A_cthre": 0.00015121011489501712, 
        "B_chl3_2": 0.0022103194821879637, 
        "u_B_chl3_2": 0.00024892677758200964, 
        "B_chl3_cll1": -0.0023627556312476993, 
        "u_B_chl3_cll1": 4.919779461343943e-05, 
        "B_chl3_ctgre": 0.078330619617314134, 
        "u_B_chl3_ctgre": 0.0087087405977771173, 
        "B_chl3_cthre": 0.004649293266096521, 
        "u_B_chl3_cthre": 9.0716295400809408e-05, 
        "B_chbox_2": 0.0022103198988865794, 
        "u_B_chbox_2": 0.00012829320929720809, 
        "B_chbox_chl3": -0.004573075443322067, 
        "u_B_chbox_chl3": 7.6216147719434778e-05, 
        "B_chbox_cll1": 0.0023627556312476993, 
        "u_B_chbox_cll1": 4.4002754329011408e-05, 
        "B_chbox_chg": 4.93410103976113, 
        "u_B_chbox_chg": 0.051477498401170642, 
        "B_chbox_ctgre": -0.078455736550123445, 
        "u_B_chbox_ctgre": 0.012337813008643676, 
        "B_chbox_cthre": -0.004611184181084871, 
        "u_B_chbox_cthre": 6.4146049603377929e-05, 
        "B_cll1_2": 0.0006097433114182116, 
        "u_B_cll1_2": 8.8008943058386267e-05, 
        "B_chdd_2": 0.00015243583623458367, 
        "u_B_chdd_2": 8.800887948333127e-05, 
        "B_chdd_chl3": 0.001067050977287514, 
        "u_B_chdd_chl3": 6.2231478792792557e-05, 
        "B_chdd_chbox": -0.001143268817424411, 
        "u_B_chdd_chbox": 5.3894068176002451e-05, 
        "B_chdd_cll1": -0.0006097434676801923, 
        "u_B_chdd_cll1": 4.4004090333889709e-05, 
        "B_chdd_chg": -1.2335963157353407, 
        "u_B_chdd_chg": 0.012892436324068132, 
        "B_chdd_ctgre": 0.019613936987964466, 
        "u_B_chdd_ctgre": 0.0030938535351016229, 
        "B_chdd_cthre": 0.001143268817424411, 
        "u_B_chdd_cthre": 5.3894068176002776e-05, 
        "B_chg_2": 2065.781629472628, 
        "u_B_chg_2": 258.30220076160123, 
        "B_chg_chl3": -4.934124826307063, 
        "u_B_chg_chl3": 0.036394800134875512, 
        "B_chg_cll1": 2.4670388002320216, 
        "u_B_chg_cll1": 0.025739867064751606, 
        "B_chg_ctgre": -104.90604732594308, 
        "u_B_chg_ctgre": 7.8965574599264707, 
        "B_chg_cthre": -4.959878884199728, 
        "u_B_chg_cthre": 0.051764689254571339, 
        "B_ctgre_2": 0.84579386340081886, 
        "u_B_ctgre_2": 0.20868711812058793, 
        "B_ctgre_cll1": -0.039196593317509805, 
        "u_B_ctgre_cll1": 0.006145722943284573, 
        "B_cthre_2": 0.0022103198120743675, 
        "u_B_cthre_2": 0.00012829345857328644, 
        "B_cthre_cll1": -0.0023246466330482606, 
        "u_B_cthre_cll1": 6.4146107642035414e-05, 
        "B_cthre_ctgre": 0.078737288129798105, 
        "u_B_cthre_ctgre": 0.012386858527974162
    }, 
    "450.0": {
        "A_chl3": -0.07663902433874162, 
        "u_A_chl3": 5.230071193816601e-05, 
        "A_chbox": 0.07663997753682314, 
        "u_A_chbox": 7.4570217797270493e-05, 
        "A_cll1": 0.03832027394652612, 
        "u_A_cll1": 3.7128210324615987e-05, 
        "A_chdd": -0.01915928013673622, 
        "u_A_chdd": 1.8777291689690112e-05, 
        "A_chg": 41.67208801104783, 
        "u_A_chg": 1.7830039249230305, 
        "A_ctgre": -1.0948954100528907, 
        "u_A_ctgre": 0.09698046101314485, 
        "A_cthre": -0.07704164027668302, 
        "u_A_cthre": 7.5093450566436965e-05, 
        "B_chl3_2": 0.002191265096847691, 
        "u_B_chl3_2": 0.00014708201402033878, 
        "B_chl3_cll1": -0.0022865378084732453, 
        "u_B_chl3_cll1": 0.0, 
        "B_chl3_ctgre": 0.066443379378286635, 
        "u_B_chl3_ctgre": 0.0041562970667380818, 
        "B_chl3_cthre": 0.004649293439720945, 
        "u_B_chl3_cthre": 3.4786022020206563e-05, 
        "B_chbox_2": 0.002400864672853244, 
        "u_B_chbox_2": 7.8562957908207817e-05, 
        "B_chbox_chl3": -0.004687402264295961, 
        "u_B_chbox_chl3": 5.5551733363935196e-05, 
        "B_chbox_cll1": 0.002305592220760753, 
        "u_B_chbox_cll1": 3.2540523043964717e-05, 
        "B_chbox_chg": 3.672995521645851, 
        "u_B_chbox_chg": 0.19255243083836646, 
        "B_chbox_ctgre": -0.066318248905917684, 
        "u_B_chbox_ctgre": 0.0058793222873668432, 
        "B_chbox_cthre": -0.004725511088870976, 
        "u_B_chbox_cthre": 3.1114742441673577e-05,