{
    "-0.5": {
        "A_chl3": -0.18682430185830717, 
        "u_A_chl3": 0.00011012737020003717, 
        "A_chbox": 0.18682324731839142, 
        "u_A_chbox": 0.00015595312095923334, 
        "A_cll1": 0.09341040189154644, 
        "u_A_cll1": 7.82621210811739e-05, 
        "A_chdd": -0.04670739281703998, 
        "u_A_chdd": 3.9327305865954205e-05, 
        "A_chg": 36.36147325495988, 
        "u_A_chg": 0.0045059233513074677, 
        "A_ctgre": -1.4453954738078081, 
        "u_A_ctgre": 0.0012063394267416868, 
        "A_cthre": -0.187799780522363, 
        "u_A_cthre": 0.00015660704126871467, 
        "B_chl3_2": 0.0057588263596227126, 
        "u_B_chl3_2": 0.00012879426477743541, 
        "B_chl3_cll1": -0.00558473724520265, 
        "u_B_chl3_cll1": 1.384284714758061e-05, 
        "B_chl3_ctgre": 0.087582510066478797, 
        "u_B_chl3_ctgre": 6.7715927265647469e-05, 
        "B_chl3_cthre": 0.01148260259145195, 
        "u_B_chl3_cthre": 5.0162882393769271e-05, 
        "B_chbox_2": 0.0056814264109033745, 
        "u_B_chbox_2": 9.3613856329707203e-05, 
        "B_chbox_chl3": -0.011266163756625423, 
        "u_B_chbox_chl3": 6.3780397483452622e-05, 
        "B_chbox_cll1": 0.005692015197890108, 
        "u_B_chbox_cll1": 3.3622447855031873e-05, 
        "B_chbox_chg": 4.226763144527939, 
        "u_B_chbox_chg": 0.0007446965936598951, 
        "B_chbox_ctgre": -0.087606609732524141, 
        "u_B_chbox_ctgre": 8.2603268757270042e-05, 
        "B_chbox_cthre": -0.011364525007761502, 
        "u_B_chbox_cthre": 3.5683483502642129e-05, 
        "B_cll1_2": 0.0015423713506254693, 
        "u_B_cll1_2": 9.4634727102625547e-05, 
        "B_chdd_2": 0.00048787898952352846, 
        "u_B_chdd_2": 9.9551807876392245e-05, 
        "B_chdd_chl3": 0.00296770947823625, 
        "u_B_chdd_chl3": 4.8964628618304919e-05, 
        "B_chdd_chbox": -0.0027728634995883104, 
        "u_B_chdd_chbox": 3.2389628914007567e-05, 
        "B_chdd_cll1": -0.0014256509893656158, 
        "u_B_chdd_cll1": 3.6704505216496689e-05, 
        "B_chdd_chg": -1.0566910154842466, 
        "u_B_chdd_chg": 0.00018620834517289649, 
        "B_chdd_ctgre": 0.021879829438413333, 
        "u_B_chdd_ctgre": 3.7931911039566513e-05, 
        "B_chdd_cthre": 0.0028509046620848176, 
        "u_B_chdd_cthre": 3.1028757704282545e-05, 
        "B_chg_2": 332.52682039122345, 
        "u_B_chg_2": 0.040270208508508792, 
        "B_chg_chl3": -4.226763127725579, 
        "u_B_chg_chl3": 0.0005266276903035796, 
        "B_chg_cll1": 2.113381433644472, 
        "u_B_chg_cll1": 0.00037245203242268981, 
        "B_chg_ctgre": -32.701239165499281, 
        "u_B_chg_ctgre": 0.005761024668806825, 
        "B_chg_cthre": -4.248812146849236, 
        "u_B_chg_cthre": 0.00074862254528077019, 
        "B_ctgre_2": 0.33901861487020207, 
        "u_B_ctgre_2": 0.00028574684573735322, 
        "B_ctgre_cll1": -0.043798997711056872, 
        "u_B_ctgre_cll1": 4.569689815788312e-05, 
        "B_cthre_2": 0.005915869175430296, 
        "u_B_cthre_2": 9.948010169926422e-05, 
        "B_cthre_cll1": -0.0056824538836853875, 
        "u_B_cthre_cll1": 3.3467724827566514e-05, 
        "B_cthre_ctgre": 0.088119309724535078, 
        "u_B_cthre_ctgre": 7.5422896750014669e-05
    }, 
    "1.5": {
        "A_chl3": -0.18679875249804667, 
        "u_A_chl3": 4.0031213542256913e-05, 
        "A_chbox": 0.18679762686449217, 
        "u_A_chbox": 5.6715983196837816e-05, 
        "A_cll1": 0.09339870128407946, 
        "u_A_cll1": 2.8394820716352703e-05, 
        "A_chdd": -0.046700163808249796, 
        "u_A_chdd": 1.4178377610120185e-05, 
        "A_chg": 36.419935978037316, 
        "u_A_chg": 0.0080626689945548537, 
        "A_ctgre": -1.4485385369175212, 
        "u_A_ctgre": 0.00091181653208630934, 
        "A_cthre": -0.18777319711344453, 
        "u_A_cthre": 5.6902352159514696e-05, 
        "B_chl3_2": 0.005662855663776758, 
        "u_B_chl3_2": 4.4989085163490178e-05, 
        "B_chl3_cll1": -0.0056412622228936464, 
        "u_B_chl3_cll1": 8.8366951441597129e-06, 
        "B_chl3_ctgre": 0.087831234459541455, 
        "u_B_chl3_ctgre": 4.2295227564520566e-05, 
        "B_chl3_cthre": 0.011416305351146802, 
        "u_B_chl3_cthre": 1.5638603559546124e-05, 
        "B_chbox_2": 0.005748303254477726, 
        "u_B_chbox_2": 3.1157941411143783e-05, 
        "B_chbox_chl3": -0.011389565214103904, 
        "u_B_chbox_chl3": 1.9678977210752774e-05, 
        "B_chbox_cll1": 0.005683597407508417, 
        "u_B_chbox_cll1": 1.2194354899581479e-05, 
        "B_chbox_chg": 4.23744975948346, 
        "u_B_chbox_chg": 0.0015785718781539157, 
        "B_chbox_ctgre": -0.087804979719742049, 
        "u_B_chbox_ctgre": 5.6061776428522337e-05, 
        "B_chbox_cthre": -0.011368771230415367, 
        "u_B_chbox_cthre": 1.1856723270145974e-05, 
        "B_cll1_2": 0.0014479293821539326, 
        "u_B_cll1_2": 2.9325336275951781e-05, 
        "B_chdd_2": 0.0004074953349646424, 
        "u_B_chdd_2": 2.9549215959730233e-05, 
        "B_chdd_chl3": 0.0028038351462044723, 
        "u_B_chdd_chl3": 1.6707717799761237e-05, 
        "B_chdd_chbox": -0.002796070065651725, 
        "u_B_chdd_chbox": 1.0475995887811409e-05, 
        "B_chdd_cll1": -0.0014122758306588199, 
        "u_B_chdd_cll1": 1.1849613338861307e-05, 
        "B_chdd_chg": -1.0593627243466448, 
        "u_B_chdd_chg": 0.00039465230352571037, 
        "B_chdd_ctgre": 0.021936703896008002, 
        "u_B_chdd_ctgre": 1.6740753094312266e-05, 
        "B_chdd_cthre": 0.0028556771228827574, 
        "u_B_chdd_cthre": 9.5377686926640873e-06, 
        "B_chg_2": 334.6866993884109, 
        "u_B_chg_2": 0.41739288029045762, 
        "B_chg_chl3": -4.237449842377063, 
        "u_B_chg_chl3": 0.0011162240322656128, 
        "B_chg_cll1": 2.118724676275609, 
        "u_B_chg_cll1": 0.00078927868168649916, 
        "B_chg_ctgre": -32.978423936119341, 
        "u_B_chg_ctgre": 0.055302615562164807, 
        "B_chg_cthre": -4.2595546390904255, 
        "u_B_chg_cthre": 0.0015867928122468679, 
        "B_ctgre_2": 0.34059477433410928, 
        "u_B_ctgre_2": 0.00040688232942577232, 
        "B_ctgre_cll1": -0.043928188726388102, 
        "u_B_ctgre_cll1": 2.8539342126708009e-05, 
        "B_cthre_2": 0.005744472300470775, 
        "u_B_cthre_2": 3.2273403308570487e-05, 
        "B_cthre_cll1": -0.005636548699144432, 
        "u_B_cthre_cll1": 1.0859093882931564e-05, 
        "B_cthre_ctgre": 0.088246353485236378, 
        "u_B_cthre_ctgre": 5.5972743589911994e-05
    }, 
    "3.5": {
        "A_chl3": -0.18688580116641282, 
        "u_A_chl3": 7.6299305436517003e-05, 
        "A_chbox": 0.18688243175023192, 
        "u_A_chbox": 0.00010783356863069563, 
        "A_cll1": 0.09344201151592363, 
        "u_A_cll1": 5.395430039402591e-05, 
        "A_chdd": -0.04672041397427416, 
        "u_A_chdd": 2.685471436193642e-05, 
        "A_chg": 37.03797692908195, 
        "u_A_chg": 0.082129943671458108, 
        "A_ctgre": -1.4994332680939786, 
        "u_A_ctgre": 0.013754702408042538, 
        "A_cthre": -0.18785857305907766, 
        "u_A_cthre": 0.00010816655169801952, 
        "B_chl3_2": 0.005889254431780784, 
        "u_B_chl3_2": 8.0378840660483075e-05, 
        "B_chl3_cll1": -0.005622515072003855, 
        "u_B_chl3_cll1": 1.260128805901095e-05, 
        "B_chl3_ctgre": 0.090929233070557239, 
        "u_B_chl3_ctgre": 0.0005936606244819621, 
        "B_chl3_cthre": 0.01139769831950987, 
        "u_B_chl3_cthre": 2.5640063600921145e-05, 
        "B_chbox_2": 0.005763257933943767, 
        "u_B_chbox_2": 5.4148938152212366e-05, 
        "B_chbox_chl3": -0.011385772581532365, 
        "u_B_chbox_chl3": 3.5411910073711273e-05, 
        "B_chbox_cll1": 0.005653852855508651, 
        "u_B_chbox_cll1": 2.0323223366082702e-05, 
        "B_chbox_chg": 4.312764312371075, 
        "u_B_chbox_chg": 0.0084345969784941303, 
        "B_chbox_ctgre": -0.090873770781243299,