{
    "95.0": {
        "A_chl3": -0.1867143109625778, 
        "u_A_chl3": 6.5488954584363548e-05, 
        "A_chbox": 0.18671159489088338, 
        "u_A_chbox": 9.2655136842341467e-05, 
        "A_cll1": 0.093355847650094, 
        "u_A_cll1": 4.639973411506299e-05, 
        "A_chdd": -0.04667793333255307, 
        "u_A_chdd": 2.3142064488694095e-05, 
        "A_chg": 36.417449175952754, 
        "u_A_chg": 0.078850276433993505, 
        "A_ctgre": -1.4773213860758392, 
        "u_A_ctgre": 0.013196502190309737, 
        "A_cthre": -0.18768712557070227, 
        "u_A_cthre": 9.2925508704913069e-05, 
        "B_chl3_2": 0.005859557995035596, 
        "u_B_chl3_2": 8.5208710594265018e-05, 
        "B_chl3_cll1": -0.005624241161943124, 
        "u_B_chl3_cll1": 1.3846036551281425e-05, 
        "B_chl3_ctgre": 0.089555018119019822, 
        "u_B_chl3_ctgre": 0.00056985986483072606, 
        "B_chl3_cthre": 0.01140268452053899, 
        "u_B_chl3_cthre": 2.8067885259228967e-05, 
        "B_chbox_2": 0.005731471882677125, 
        "u_B_chbox_2": 5.7358889492152699e-05, 
        "B_chbox_chl3": -0.011355712671223154, 
        "u_B_chbox_chl3": 3.7053499777538425e-05, 
        "B_chbox_cll1": 0.0056440268311410274, 
        "u_B_chbox_cll1": 2.3410115906538705e-05, 
        "B_chbox_chg": 4.231717458197664, 
        "u_B_chbox_chg": 0.0083764105838077252, 
        "B_chbox_ctgre": -0.089544053084751843, 
        "u_B_chbox_ctgre": 0.00079890585744138616, 
        "B_chbox_cthre": -0.011389479215921814, 
        "u_B_chbox_cthre": 2.243243810751793e-05, 
        "B_cll1_2": 0.001427591603404534, 
        "u_B_cll1_2": 5.0878184144735569e-05, 
        "B_chdd_2": 0.00031434391136150717, 
        "u_B_chdd_2": 5.837580645532347e-05, 
        "B_chdd_chl3": 0.0029229867806128303, 
        "u_B_chdd_chl3": 2.9620174804407326e-05, 
        "B_chdd_chbox": -0.0027819816518764914, 
        "u_B_chdd_chbox": 1.8978120753194397e-05, 
        "B_chdd_cll1": -0.0013841223415641166, 
        "u_B_chdd_cll1": 2.1527115833461765e-05, 
        "B_chdd_chg": -1.0579291409456695, 
        "u_B_chdd_chg": 0.0020941062799665292, 
        "B_chdd_ctgre": 0.022362565977800338, 
        "u_B_chdd_ctgre": 0.00019991523626116222, 
        "B_chdd_cthre": 0.002845928983799152, 
        "u_B_chdd_cthre": 1.7702177140782261e-05, 
        "B_chg_2": 343.20569148877496, 
        "u_B_chg_2": 1.0323477345634826, 
        "B_chg_chl3": -4.231717224991302, 
        "u_B_chg_chl3": 0.005923011501383889, 
        "B_chg_cll1": 2.115858762022085, 
        "u_B_chg_cll1": 0.0041882012484200336, 
        "B_chg_ctgre": -33.749397009238756, 
        "u_B_chg_ctgre": 0.11245664941874392, 
        "B_chg_cthre": -4.253791798447723, 
        "u_B_chg_cthre": 0.00842011177353294, 
        "B_ctgre_2": 0.36118128827343177, 
        "u_B_ctgre_2": 0.0058599698250900454, 
        "B_ctgre_cll1": -0.044782935168966732, 
        "u_B_ctgre_cll1": 0.00040097921019110073, 
        "B_cthre_2": 0.005832065968828449, 
        "u_B_cthre_2": 5.6229332934824803e-05, 
        "B_cthre_cll1": -0.005661142714196064, 
        "u_B_cthre_cll1": 1.9616276419159307e-05, 
        "B_cthre_ctgre": 0.090055847924010474, 
        "u_B_cthre_ctgre": 0.00080348836482038385
    }, 
    "30.0": {
        "A_chl3": -0.1867721936983171, 
        "u_A_chl3": 3.8068588139972625e-05, 
        "A_chbox": 0.18677067743537673, 
        "u_A_chbox": 5.3893057836649661e-05, 
        "A_cll1": 0.09338517766606864, 
        "u_A_cll1": 2.6992221013024419e-05, 
        "A_chdd": -0.046693249435475155, 
        "u_A_chdd": 1.3463021242575803e-05, 
        "A_chg": 36.36471376522311, 
        "u_A_chg": 0.0027114215630404345, 
        "A_ctgre": -1.4455405032711925, 
        "u_A_ctgre": 0.00046021151425784825, 
        "A_cthre": -0.18774623731622914, 
        "u_A_cthre": 5.4104304918373363e-05, 
        "B_chl3_2": 0.005695075069781818, 
        "u_B_chl3_2": 4.3204670375098933e-05, 
        "B_chl3_cll1": -0.005626468914644401, 
        "u_B_chl3_cll1": 7.5320661703294358e-06, 
        "B_chl3_ctgre": 0.087635401099956725, 
        "u_B_chl3_ctgre": 2.4535448268444958e-05, 
        "B_chl3_cthre": 0.011411115412402799, 
        "u_B_chl3_cthre": 1.4635456814391374e-05, 
        "B_chbox_2": 0.00574212205515045, 
        "u_B_chbox_2": 2.9078553880556219e-05, 
        "B_chbox_chl3": -0.011368590725181128, 
        "u_B_chbox_chl3": 1.8756400079450073e-05, 
        "B_chbox_cll1": 0.005674951115962107, 
        "u_B_chbox_cll1": 1.1638920074166977e-05, 
        "B_chbox_chg": 4.230182741087174, 
        "u_B_chbox_chg": 0.00027745666417572281, 
        "B_chbox_ctgre": -0.087626791456512393, 
        "u_B_chbox_ctgre": 2.945910970581008e-05, 
        "B_chbox_cthre": -0.011376354862122889, 
        "u_B_chbox_cthre": 1.1540250998792159e-05, 
        "B_cll1_2": 0.0014511961656733323, 
        "u_B_cll1_2": 2.7723212259107215e-05, 
        "B_chdd_2": 0.0003835120116054164, 
        "u_B_chdd_2": 2.8340386989802877e-05, 
        "B_chdd_chl3": 0.0028211034685471205, 
        "u_B_chdd_chl3": 1.5906449424553057e-05, 
        "B_chdd_chbox": -0.0027910690340728394, 
        "u_B_chdd_chbox": 9.8532369231686233e-06, 
        "B_chdd_cll1": -0.001406052594340302, 
        "u_B_chdd_cll1": 1.1272759428164624e-05, 
        "B_chdd_chg": -1.0575459147798838, 
        "u_B_chdd_chg": 6.9366453205578832e-05, 
        "B_chdd_ctgre": 0.021887026948078075, 
        "u_B_chdd_ctgre": 1.139124102234319e-05, 
        "B_chdd_cthre": 0.0028506972656184883, 
        "u_B_chdd_cthre": 9.301861710738927e-06, 
        "B_chg_2": 332.70783042356817, 
        "u_B_chg_2": 0.034748123117796265, 
        "B_chg_chl3": -4.2301825208949095, 
        "u_B_chg_chl3": 0.00019618063413670889, 
        "B_chg_cll1": 2.1150911723705503, 
        "u_B_chg_cll1": 0.0001387376782075753, 
        "B_chg_ctgre": -32.744446886444194, 
        "u_B_chg_ctgre": 0.0036642203680898738, 
        "B_chg_cthre": -4.252249407028606, 
        "u_B_chg_cthre": 0.00027893089425577657, 
        "B_ctgre_2": 0.33915238021045813, 
        "u_B_ctgre_2": 0.00013502436889729105, 
        "B_ctgre_cll1": -0.043846527490556203, 
        "u_B_ctgre_cll1": 1.5102012168806685e-05, 
        "B_cthre_2": 0.0057714747400713085, 
        "u_B_cthre_2": 2.9359010528286801e-05, 
        "B_cthre_cll1": -0.005645192385952534, 
        "u_B_cthre_cll1": 1.0615674771511962e-05, 
        "B_cthre_ctgre": 0.088062862374207601, 
        "u_B_cthre_ctgre": 2.9059141825105134e-05
    }, 
    "55.0": {
        "A_chl3": -0.18686079485279622, 
        "u_A_chl3": 4.6219365469901032e-05, 
        "A_chbox": 0.1868592295480766, 
        "u_A_chbox": 6.555663779269784e-05, 
        "A_cll1": 0.09342944173134676, 
        "u_A_cll1": 3.2790462773083827e-05, 
        "A_chdd": -0.0467154189566744, 
        "u_A_chdd": 1.6376710480801975e-05, 
        "A_chg": 36.47047456012138, 
        "u_A_chg": 0.013195840052015252, 
        "A_ctgre": -1.4533039602501863, 
        "u_A_ctgre": 0.0019227678068389771, 
        "A_cthre": -0.1878346389813958, 
        "u_A_cthre": 6.5680602441422047e-05, 
        "B_chl3_2": 0.005731162822334796, 
        "u_B_chl3_2": 5.5000872427958261e-05, 
        "B_chl3_cll1": -0.0056334929584864885, 
        "u_B_chl3_cll1": 1.0086682387764409e-05, 
        "B_chl3_ctgre": 0.088132472255172012, 
        "u_B_chl3_ctgre": 8.4259394141259012e-05, 
        "B_chl3_cthre": 0.011426406612669329, 
        "u_B_chl3_cthre": 1.9107325555410909e-05, 
        "B_chbox_2": 0.005737826753757098, 
        "u_B_chbox_2": 3.7111217656268528e-05, 
        "B_chbox_chl3": -0.011371319278630014, 
        "u_B_chbox_chl3": 2.3724815050275351e-05, 
        "B_chbox_cll1": 0.005684164343721632, 
        "u_B_chbox_cll1": 1.4296738128346446e-05, 
        "B_chbox_chg": 4.2416126850885, 
        "u_B_chbox_chg": 0.0013038169546332394, 
        "B_chbox_ctgre": -0.088083738656241514,