{
    "300.0": {
        "A_chl3": -0.10970122327453172, 
        "u_A_chl3": 0.00013523057529955576, 
        "A_chbox": 0.10969747298699782, 
        "u_A_chbox": 0.00019324868159789431, 
        "A_cll1": 0.05484920527944065, 
        "u_A_cll1": 9.6787387408879682e-05, 
        "A_chdd": -0.027425771628155994, 
        "u_A_chdd": 4.9337784678620053e-05, 
        "A_chg": 27.94928008900228, 
        "u_A_chg": 0.34022405249465815, 
        "A_ctgre": -1.0707569355147109, 
        "u_A_ctgre": 0.077265270176927137, 
        "A_cthre": -0.11027332070857537, 
        "u_A_cthre": 0.00019375561350034386, 
        "B_chl3_2": 0.0034587779815512757, 
        "u_B_chl3_2": 0.00019027028653983687, 
        "B_chl3_cll1": -0.003271817516371144, 
        "u_B_chl3_cll1": 0.0, 
        "B_chl3_ctgre": 0.06491744820337414, 
        "u_B_chl3_ctgre": 0.0033319364447007825, 
        "B_chl3_cthre": 0.006637114521227685, 
        "u_B_chl3_cthre": 0.00011172965296974778, 
        "B_chbox_2": 0.0035522583629622752, 
        "u_B_chbox_2": 0.00012239494668420551, 
        "B_chbox_chl3": -0.0068240755816915515, 
        "u_B_chbox_chl3": 8.6544471771848329e-05, 
        "B_chbox_cll1": 0.003318557260613842, 
        "u_B_chbox_cll1": 7.9004795274531373e-05, 
        "B_chbox_chg": 3.7672571045165912, 
        "u_B_chbox_chg": 0.04535939416412077, 
        "B_chbox_ctgre": -0.064879091954329227, 
        "u_B_chbox_ctgre": 0.0046731922818715891, 
        "B_chbox_cthre": -0.006777332861030176, 
        "u_B_chbox_cthre": 5.5909810406761117e-05, 
        "B_cll1_2": 0.0008413243245919493, 
        "u_B_cll1_2": 0.00017309226726073358, 
        "B_chdd_2": 0.00028044136901337957, 
        "u_B_chdd_2": 0.00018016012265363549, 
        "B_chdd_chl3": 0.0017761290326602037, 
        "u_B_chdd_chl3": 7.9005869268592932e-05, 
        "B_chdd_chbox": -0.0016826489488910717, 
        "u_B_chdd_chbox": 4.3272317707567789e-05, 
        "B_chdd_cll1": -0.000794583986098168, 
        "u_B_chdd_cll1": 6.1197660599310433e-05, 
        "B_chdd_chg": -0.9418142105152668, 
        "u_B_chdd_chg": 0.011339785083817654, 
        "B_chdd_ctgre": 0.016229362356247137, 
        "u_B_chdd_ctgre": 0.001171122301176877, 
        "B_chdd_cthre": 0.001635908683775105, 
        "u_B_chdd_cthre": 6.6100287134744198e-05, 
        "B_chg_2": 379.9568829848767, 
        "u_B_chg_2": 7.506689514938774, 
        "B_chg_chl3": -3.7672565997944334, 
        "u_B_chg_chl3": 0.0320738243368687, 
        "B_chg_cll1": 1.8836283261427684, 
        "u_B_chg_cll1": 0.022679728851280681, 
        "B_chg_ctgre": -42.24290048710543, 
        "u_B_chg_ctgre": 0.98770074667209828, 
        "B_chg_cthre": -3.786908869612083, 
        "u_B_chg_cthre": 0.045595878653785393, 
        "B_ctgre_2": 0.33251622370874834, 
        "u_B_ctgre_2": 0.047361032801188356, 
        "B_ctgre_cll1": -0.032497091345261603, 
        "u_B_ctgre_cll1": 0.0023651216641595004, 
        "B_cthre_2": 0.0035522583629622752, 
        "u_B_cthre_2": 0.00012239494668420551, 
        "B_cthre_cll1": -0.0032718169954978754, 
        "u_B_cthre_cll1": 6.6099898896057461e-05, 
        "B_cthre_ctgre": 0.06526275828200262, 
        "u_B_cthre_ctgre": 0.0047314693869615438
    }, 
    "0.0": {
        "A_chl3": -0.10967148828352803, 
        "u_A_chl3": 1.2814743183948502e-05, 
        "A_chbox": 0.10967162332474586, 
        "u_A_chbox": 1.8171372157009134e-05, 
        "A_cll1": 0.054836049371087985, 
        "u_A_cll1": 9.0440614253679576e-06, 
        "A_chdd": -0.027418274089793103, 
        "u_A_chdd": 4.5402443564602325e-06, 
        "A_chg": 23.01892415239733, 
        "u_A_chg": 0.007686077437114104, 
        "A_ctgre": -0.85056252644161534, 
        "u_A_ctgre": 0.0014252991033858813, 
        "A_cthre": -0.11024345397487341, 
        "u_A_cthre": 1.8255276176106016e-05, 
        "B_chl3_2": 0.003324075204392831, 
        "u_B_chl3_2": 2.3421114838553206e-05, 
        "B_chl3_cll1": -0.0032892364396471534, 
        "u_B_chl3_cll1": 2.5339037299801741e-06, 
        "B_chl3_ctgre": 0.051522114407062246, 
        "u_B_chl3_ctgre": 6.1450542018572402e-05, 
        "B_chl3_cthre": 0.006742820838621292, 
        "u_B_chl3_cthre": 7.5156214878239524e-06, 
        "B_chbox_2": 0.003339979756729909, 
        "u_B_chbox_2": 1.5752942676887756e-05, 
        "B_chbox_chl3": -0.006629216461636601, 
        "u_B_chbox_chl3": 1.0767067109643787e-05, 
        "B_chbox_cll1": 0.0032934018342387463, 
        "u_B_chbox_cll1": 4.8085900512962011e-06, 
        "B_chbox_chg": 3.0739502932419103, 
        "u_B_chbox_chg": 0.0010841536333345235, 
        "B_chbox_ctgre": -0.051555997798388736, 
        "u_B_chbox_ctgre": 8.6729282237878023e-05, 
        "B_chbox_cthre": -0.0066988940224089084, 
        "u_B_chbox_cthre": 5.9325127569895255e-06, 
        "B_cll1_2": 0.0008111379836564332, 
        "u_B_cll1_2": 1.3870457773295234e-05, 
        "B_chdd_2": 0.00024084207140885364, 
        "u_B_chdd_2": 1.6225268777109613e-05, 
        "B_chdd_chl3": 0.0017351233491820768, 
        "u_B_chdd_chl3": 7.5001609795469501e-06, 
        "B_chdd_chbox": -0.001682865154186907, 
        "u_B_chdd_chbox": 5.5680861780414899e-06, 
        "B_chdd_cll1": -0.0008243918825654068, 
        "u_B_chdd_cll1": 5.56115790805789e-06, 
        "B_chdd_chg": -0.7684875390144896, 
        "u_B_chdd_chg": 0.00027104075990431938, 
        "B_chdd_ctgre": 0.012889232470070341, 
        "u_B_chdd_ctgre": 2.2039361618258399e-05, 
        "B_chdd_cthre": 0.0016790783512665517, 
        "u_B_chdd_cthre": 5.9268079956136127e-06, 
        "B_chg_2": 233.20225016897544, 
        "u_B_chg_2": 0.12460470297732308, 
        "B_chg_chl3": -3.073950534496444, 
        "u_B_chg_chl3": 0.00076661231459851831, 
        "B_chg_cll1": 1.5369751418904736, 
        "u_B_chg_cll1": 0.00054207690970759404, 
        "B_chg_ctgre": -23.927904026625455, 
        "u_B_chg_ctgre": 0.01625597121833856, 
        "B_chg_cthre": -3.0899852758199953, 
        "u_B_chg_cthre": 0.0010898278064064165, 
        "B_ctgre_2": 0.20065048580655373, 
        "u_B_ctgre_2": 0.00044433327496263728, 
        "B_ctgre_cll1": -0.025773490191193512, 
        "u_B_ctgre_cll1": 4.3560110184356061e-05, 
        "B_cthre_2": 0.0033316486600868116, 
        "u_B_cthre_2": 1.5701019259741894e-05, 
        "B_cthre_cll1": -0.0033414945333614084, 
        "u_B_cthre_cll1": 5.5502359593738316e-06, 
        "B_cthre_ctgre": 0.051850677901218271, 
        "u_B_cthre_ctgre": 8.6775916522860883e-05
    }, 
    "650.0": {
        "A_chl3": -0.10910857366951848, 
        "u_A_chl3": 0.0, 
        "A_chbox": 0.1091282105917447, 
        "u_A_chbox": 0.0, 
        "A_cll1": 0.05456407925220892, 
        "u_A_cll1": 5.2022176959225381e-05, 
        "A_chdd": -0.02728368037690055, 
        "u_A_chdd": 1.1711861796810145e-05, 
        "A_chg": 59.823170155521744, 
        "u_A_chg": 4.8787618995340356, 
        "A_ctgre": -2.3864038251598902, 
        "u_A_ctgre": 0.0, 
        "A_cthre": -0.10969747298699781, 
        "u_A_cthre": 4.164055207400362e-05, 
        "B_chl3_2": 0.001963090093124071, 
        "u_B_chl3_2": 1.1534331322045679e-06, 
        "B_chl3_cll1": -0.003271817516371144, 
        "u_B_chl3_cll1": 0.0, 
        "B_chl3_ctgre": 0.14449115901993506, 
        "u_B_chl3_ctgre": 7.8112189608805748e-05, 
        "B_chl3_cthre": 0.007197997702619287, 
        "u_B_chl3_cthre": 0.0, 
        "B_chbox_2": 0.0026174538047476076, 
        "u_B_chbox_2": 0.0, 
        "B_chbox_chl3": -0.005889270279372214, 
        "u_B_chbox_chl3": 1.3846304643658336e-06, 
        "B_chbox_cll1": 0.003271816995497875, 
        "u_B_chbox_cll1": 0.0, 
        "B_chbox_chg": 4.502348319296349, 
        "u_B_chbox_chg": 2.6117739429481928, 
        "B_chbox_ctgre": -0.14475975537885935, 
        "u_B_chbox_ctgre": 9.0501653115132688e-05, 
        "B_chbox_cthre": -0.006543631907502676, 
        "u_B_chbox_cthre": 5.3349197009036506e-06,