{
    "0.0": {
        "A_chl3": -0.1867967035706304, 
        "u_A_chl3": 3.323909665672187e-05, 
        "A_chbox": 0.18679462090543403, 
        "u_A_chbox": 4.7114715905676236e-05, 
        "A_cll1": 0.09339740345101719, 
        "u_A_cll1": 2.3556279483182917e-05, 
        "A_chdd": -0.046699306628398524, 
        "u_A_chdd": 1.1761167604121377e-05, 
        "A_chg": 36.5296896109918, 
        "u_A_chg": 0.024162435789252264, 
        "A_ctgre": -1.4578345425311452, 
        "u_A_ctgre": 0.0038886751461639818, 
        "A_cthre": -0.18777052561199142, 
        "u_A_cthre": 4.7232670599893471e-05, 
        "B_chl3_2": 0.005744258946481842, 
        "u_B_chl3_2": 3.8826988573270787e-05, 
        "B_chl3_cll1": -0.005625168559986788, 
        "u_B_chl3_cll1": 6.7162262082877527e-06, 
        "B_chl3_ctgre": 0.088397696258835215, 
        "u_B_chl3_ctgre": 0.00016771767603685693, 
        "B_chl3_cthre": 0.01140875660592505, 
        "u_B_chl3_cthre": 1.3270572244175397e-05, 
        "B_chbox_2": 0.005768252598648893, 
        "u_B_chbox_2": 2.6333343429945212e-05, 
        "B_chbox_chl3": -0.011393421200029582, 
        "u_B_chbox_chl3": 1.6966577730004193e-05, 
        "B_chbox_cll1": 0.005679633193838598, 
        "u_B_chbox_cll1": 1.0175104853878762e-05, 
        "B_chbox_chg": 4.249894177376039, 
        "u_B_chbox_chg": 0.0024443779031742916, 
        "B_chbox_ctgre": -0.088362314770305719, 
        "u_B_chbox_ctgre": 0.0002357438674122435, 
        "B_chbox_cthre": -0.011382822519052992, 
        "u_B_chbox_cthre": 1.0291134867400847e-05, 
        "B_cll1_2": 0.0014329890439453443, 
        "u_B_cll1_2": 2.4839671618333068e-05, 
        "B_chdd_2": 0.0003816506446097381, 
        "u_B_chdd_2": 2.5746321759113816e-05, 
        "B_chdd_chl3": 0.002843128511991178, 
        "u_B_chdd_chl3": 1.4226153221930468e-05, 
        "B_chdd_chbox": -0.002792444256280554, 
        "u_B_chdd_chbox": 9.151583166290478e-06, 
        "B_chdd_cll1": -0.0013959127294187277, 
        "u_B_chdd_cll1": 1.0145279485927471e-05, 
        "B_chdd_chg": -1.0624736738059963, 
        "u_B_chdd_chg": 0.00061110220052803252, 
        "B_chdd_ctgre": 0.02207882774699076, 
        "u_B_chdd_ctgre": 5.9674515310614788e-05, 
        "B_chdd_cthre": 0.002856744715987423, 
        "u_B_chdd_cthre": 8.3770511934132675e-06, 
        "B_chg_2": 340.069870456395, 
        "u_B_chg_2": 0.56094036726642738, 
        "B_chg_chl3": -4.249893850314179, 
        "u_B_chg_chl3": 0.0017284416514460562, 
        "B_chg_cll1": 2.1249469524122433, 
        "u_B_chg_cll1": 0.0012221891174717876, 
        "B_chg_ctgre": -33.546747455180231, 
        "u_B_chg_ctgre": 0.065148161658458464, 
        "B_chg_cthre": -4.272063547767576, 
        "u_B_chg_cthre": 0.0024571246816727068, 
        "B_ctgre_2": 0.34720358848748795, 
        "u_B_ctgre_2": 0.0019443276241913139, 
        "B_ctgre_cll1": -0.044212960833860511, 
        "u_B_ctgre_cll1": 0.0001183685364545876, 
        "B_cthre_2": 0.00577284338246679, 
        "u_B_cthre_2": 2.7334358226446468e-05, 
        "B_cthre_cll1": -0.005643877389533126, 
        "u_B_cthre_cll1": 9.2146636058510158e-06, 
        "B_cthre_ctgre": 0.088828985136772065, 
        "u_B_cthre_ctgre": 0.00023699354396153417
    }, 
    "1.6": {
        "A_chl3": -0.18680902456769152, 
        "u_A_chl3": 6.8511115800855133e-05, 
        "A_chbox": 0.1868078109028674, 
        "u_A_chbox": 9.7170528942235287e-05, 
        "A_cll1": 0.09340393781783621, 
        "u_A_cll1": 4.860248114054927e-05, 
        "A_chdd": -0.046701659937734154, 
        "u_A_chdd": 2.4302162565122112e-05, 
        "A_chg": 36.83452529014334, 
        "u_A_chg": 0.051818889552567679, 
        "A_ctgre": -1.4890062864036742, 
        "u_A_ctgre": 0.011144135681270022, 
        "A_cthre": -0.1877821531271998, 
        "u_A_cthre": 9.7374196853447314e-05, 
        "B_chl3_2": 0.005767120890273829, 
        "u_B_chl3_2": 8.5873253827221417e-05, 
        "B_chl3_cll1": -0.005649059979058794, 
        "u_B_chl3_cll1": 1.6593147707967567e-05, 
        "B_chl3_ctgre": 0.090301450518988399, 
        "u_B_chl3_ctgre": 0.00048117525771357891, 
        "B_chl3_cthre": 0.011431852592156731, 
        "u_B_chl3_cthre": 2.8853402056581777e-05, 
        "B_chbox_2": 0.005647618469815012, 
        "u_B_chbox_2": 5.8587972729921005e-05, 
        "B_chbox_chl3": -0.01129667824112667, 
        "u_B_chbox_chl3": 3.7463345620714147e-05, 
        "B_chbox_cll1": 0.005648230784945121, 
        "u_B_chbox_cll1": 2.1144200767030668e-05, 
        "B_chbox_chg": 4.295979494725133, 
        "u_B_chbox_chg": 0.0062917421984850785, 
        "B_chbox_ctgre": -0.090269375479323247, 
        "u_B_chbox_ctgre": 0.00067437797301948799, 
        "B_chbox_cthre": -0.01137726529640872, 
        "u_B_chbox_cthre": 2.1376397748947273e-05, 
        "B_cll1_2": 0.0014087264556796233, 
        "u_B_cll1_2": 4.6232567013789695e-05, 
        "B_chdd_2": 0.00030887469610995993, 
        "u_B_chdd_2": 5.8534767727715763e-05, 
        "B_chdd_chl3": 0.002894787736487447, 
        "u_B_chdd_chl3": 2.9255037930755349e-05, 
        "B_chdd_chbox": -0.0027920564828112712, 
        "u_B_chdd_chbox": 1.7323931745113044e-05, 
        "B_chdd_cll1": -0.0013961445060397604, 
        "u_B_chdd_cll1": 2.1203956573263891e-05, 
        "B_chdd_chg": -1.0739952279091896, 
        "u_B_chdd_chg": 0.0015729382564244308, 
        "B_chdd_ctgre": 0.022556804527494655, 
        "u_B_chdd_ctgre": 0.00016892342174308563, 
        "B_chdd_cthre": 0.002859688956235703, 
        "u_B_chdd_cthre": 1.7349003739026405e-05, 
        "B_chg_2": 349.31703918243494, 
        "u_B_chg_2": 1.9228501365258883, 
        "B_chg_chl3": -4.295980105798705, 
        "u_B_chg_chl3": 0.004448936899309695, 
        "B_chg_cll1": 2.1479891874146726, 
        "u_B_chg_cll1": 0.003145882024931435, 
        "B_chg_ctgre": -34.493547209899283, 
        "u_B_chg_ctgre": 0.12517236800464626, 
        "B_chg_cthre": -4.318389729312002, 
        "u_B_chg_cthre": 0.0063245658574996042, 
        "B_ctgre_2": 0.36493314778029246, 
        "u_B_ctgre_2": 0.0073944114502351955, 
        "B_ctgre_cll1": -0.045113335388648146, 
        "u_B_ctgre_cll1": 0.00033823624487429359, 
        "B_cthre_2": 0.0057312892213019564, 
        "u_B_cthre_2": 5.7198132750328657e-05, 
        "B_cthre_cll1": -0.005677360297322145, 
        "u_B_cthre_cll1": 1.9863563164490383e-05, 
        "B_cthre_ctgre": 0.090760538472578839, 
        "u_B_cthre_ctgre": 0.00068296205368845381
    }, 
    "3.0": {
        "A_chl3": -0.18695518182737203, 
        "u_A_chl3": 0.00012952162753844288, 
        "A_chbox": 0.1869554642727361, 
        "u_A_chbox": 0.00018296877894430553, 
        "A_cll1": 0.09347640464315737, 
        "u_A_cll1": 9.1587982053465813e-05, 
        "A_chdd": -0.04673825594951663, 
        "u_A_chdd": 4.5596495177030607e-05, 
        "A_chg": 36.97082462573431, 
        "u_A_chg": 0.060656950873519667, 
        "A_ctgre": -1.4658346179787201, 
        "u_A_ctgre": 0.0055471302161735252, 
        "A_cthre": -0.18793085815813562, 
        "u_A_cthre": 0.00018358490193584666, 
        "B_chl3_2": 0.005651875765185662, 
        "u_B_chl3_2": 0.00012886606311344662, 
        "B_chl3_cll1": -0.005632917100755636, 
        "u_B_chl3_cll1": 2.1706552623730341e-05, 
        "B_chl3_ctgre": 0.088794312201802478, 
        "u_B_chl3_ctgre": 0.00024013236845865497, 
        "B_chl3_cthre": 0.011422490930666484, 
        "u_B_chl3_cthre": 4.0523963754902684e-05, 
        "B_chbox_2": 0.005617241522444522, 
        "u_B_chbox_2": 8.4277231215086173e-05, 
        "B_chbox_chl3": -0.011250158498484026, 
        "u_B_chbox_chl3": 5.493805714000131e-05, 
        "B_chbox_cll1": 0.005686648648454785, 
        "u_B_chbox_cll1": 4.0902848690599598e-05, 
        "B_chbox_chg": 4.286726419164716, 
        "u_B_chbox_chg": 0.0067233529739707297, 
        "B_chbox_ctgre": -0.088889830232021683,