{
    "124.9": {
        "A_chl3": -0.12124162645925492, 
        "u_A_chl3": 1.4437285090954868e-05, 
        "A_chbox": 0.12124014578724883, 
        "u_A_chbox": 2.0415113911429833e-05, 
        "A_cll1": 0.06062008677015919, 
        "u_A_cll1": 1.0207857318065901e-05, 
        "A_chdd": -0.030311002848340332, 
        "u_A_chdd": 5.1042954474702402e-06, 
        "A_chg": 39.52654271468829, 
        "u_A_chg": 0.022058821810704239, 
        "A_ctgre": -0.94648765130274104, 
        "u_A_ctgre": 0.0006462127342779303, 
        "A_cthre": -0.12187357818635365, 
        "u_A_cthre": 2.0520715639602987e-05, 
        "B_chl3_2": 0.003785273824956198, 
        "u_B_chl3_2": 5.3828814376756384e-06, 
        "B_chl3_cll1": -0.0036998162713493365, 
        "u_B_chl3_cll1": 1.3219963449795751e-06, 
        "B_chl3_ctgre": 0.057421080293674057, 
        "u_B_chl3_ctgre": 2.7759184480959327e-05, 
        "B_chl3_cthre": 0.007356935244278098, 
        "u_B_chl3_cthre": 2.1510647819855377e-06, 
        "B_chbox_2": 0.0036874899925523983, 
        "u_B_chbox_2": 4.1538354550832645e-06, 
        "B_chbox_chl3": -0.007387306251702585, 
        "u_B_chbox_chl3": 2.6186127308424776e-06, 
        "B_chbox_cll1": 0.003684397812641199, 
        "u_B_chbox_cll1": 1.4716430079556343e-06, 
        "B_chbox_chg": 2.397291875611731, 
        "u_B_chbox_chg": 0.0013063746374389112, 
        "B_chbox_ctgre": -0.057386728638268214, 
        "u_B_chbox_ctgre": 3.9184275600758743e-05, 
        "B_chbox_cthre": -0.007371189007301248, 
        "u_B_chbox_cthre": 1.8192796728689066e-06, 
        "B_cll1_2": 0.0009204852730658103, 
        "u_B_cll1_2": 3.4952240533593388e-06, 
        "B_chdd_2": 0.0003101464773391427, 
        "u_B_chdd_2": 3.8101066172769251e-06, 
        "B_chdd_chl3": 0.001797384015147564, 
        "u_B_chdd_chl3": 1.9699156169864417e-06, 
        "B_chdd_chbox": -0.0018235613538292608, 
        "u_B_chdd_chbox": 1.3096362408110886e-06, 
        "B_chdd_cll1": -0.0009045586130488403, 
        "u_B_chdd_cll1": 1.3919894855758978e-06, 
        "B_chdd_chg": -0.5993230499296832, 
        "u_B_chdd_chg": 0.00032659921717113655, 
        "B_chdd_ctgre": 0.014354305542362257, 
        "u_B_chdd_ctgre": 9.8446502122335738e-06, 
        "B_chdd_cthre": 0.0018397421680087472, 
        "u_B_chdd_cthre": 1.3324826689391234e-06, 
        "B_chg_2": 245.1364218838702, 
        "u_B_chg_2": 0.27193319092227386, 
        "B_chg_chl3": -2.3972923329963765, 
        "u_B_chg_chl3": 0.00092374884952083601, 
        "B_chg_cll1": 1.1986459847559456, 
        "u_B_chg_cll1": 0.00065318669800379934, 
        "B_chg_ctgre": -18.863027731649527, 
        "u_B_chg_ctgre": 0.03437617435398297, 
        "B_chg_cthre": -2.4097973503528762, 
        "u_B_chg_cthre": 0.0013132081761606611, 
        "B_ctgre_2": 0.22621235545372315, 
        "u_B_ctgre_2": 0.00051100666611322658, 
        "B_ctgre_cll1": -0.028682289661066854, 
        "u_B_ctgre_cll1": 1.9626498432908067e-05, 
        "B_cthre_2": 0.003782118169815348, 
        "u_B_cthre_2": 3.7009933221190712e-06, 
        "B_cthre_cll1": -0.003678933660221927, 
        "u_B_cthre_cll1": 1.4618465892790764e-06, 
        "B_cthre_ctgre": 0.057672331020564863, 
        "u_B_cthre_ctgre": 3.9395691085063455e-05
    }, 
    "125.0": {
        "A_chl3": -0.12126346147558272, 
        "u_A_chl3": 2.4106731425767094e-06, 
        "A_chbox": 0.12126190394937308, 
        "u_A_chbox": 3.395568727570499e-06, 
        "A_cll1": 0.06063098473818286, 
        "u_A_cll1": 1.6999563420199324e-06, 
        "A_chdd": -0.030316430837660075, 
        "u_A_chdd": 8.5107272929373807e-07, 
        "A_chg": 39.52056081478092, 
        "u_A_chg": 0.020977940328503631, 
        "A_ctgre": -0.94571264590366011, 
        "u_A_ctgre": 0.00058255036307977039, 
        "A_cthre": -0.12189550407275254, 
        "u_A_cthre": 3.407469152885766e-06, 
        "B_chl3_2": 0.003793096888571554, 
        "u_B_chl3_2": 5.0311402867972128e-06, 
        "B_chl3_cll1": -0.00369808928339241, 
        "u_B_chl3_cll1": 1.1506379643590983e-06, 
        "B_chl3_ctgre": 0.057376822205361326, 
        "u_B_chl3_ctgre": 2.5036965012056561e-05, 
        "B_chl3_cthre": 0.007358264341106728, 
        "u_B_chl3_cthre": 1.8406110319701199e-06, 
        "B_chbox_2": 0.003690978097835715, 
        "u_B_chbox_2": 3.799015691092046e-06, 
        "B_chbox_chl3": -0.007389067439592247, 
        "u_B_chbox_chl3": 2.2923185810876302e-06, 
        "B_chbox_cll1": 0.0036838483100412717, 
        "u_B_chbox_cll1": 1.2608533834848695e-06, 
        "B_chbox_chg": 2.397628593227084, 
        "u_B_chbox_chg": 0.0012305027657145448, 
        "B_chbox_ctgre": -0.05733689537432525, 
        "u_B_chbox_ctgre": 3.5332202876714587e-05, 
        "B_chbox_cthre": -0.00737528698039487, 
        "u_B_chbox_cthre": 1.2589100046987238e-06, 
        "B_cll1_2": 0.000919529699804201, 
        "u_B_cll1_2": 3.2540321780637923e-06, 
        "B_chdd_2": 0.0003075538684193391, 
        "u_B_chdd_2": 3.5633072787579761e-06, 
        "B_chdd_chl3": 0.0018013659125367097, 
        "u_B_chdd_chl3": 1.8250037114865602e-06, 
        "B_chdd_chbox": -0.0018243394320872264, 
        "u_B_chdd_chbox": 1.1930607956068905e-06, 
        "B_chdd_cll1": -0.0009033727066703852, 
        "u_B_chdd_cll1": 1.2907118907977552e-06, 
        "B_chdd_chg": -0.5994071186964046, 
        "u_B_chdd_chg": 0.00030762817256636371, 
        "B_chdd_ctgre": 0.014343947823304099, 
        "u_B_chdd_ctgre": 8.8750304904062565e-06, 
        "B_chdd_cthre": 0.0018388567330316072, 
        "u_B_chdd_cthre": 1.214735902365684e-06, 
        "B_chg_2": 244.8447160357395, 
        "u_B_chg_2": 0.24271236277011202, 
        "B_chg_chl3": -2.397628808575205, 
        "u_B_chg_chl3": 0.00087009609008866754, 
        "B_chg_cll1": 1.198814320840206, 
        "u_B_chg_cll1": 0.00061525453755384375, 
        "B_chg_ctgre": -18.862116645634135, 
        "u_B_chg_ctgre": 0.024506249222262369, 
        "B_chg_cthre": -2.410135527583857, 
        "u_B_chg_cthre": 0.0012369406207729935, 
        "B_ctgre_2": 0.22570064734273337, 
        "u_B_ctgre_2": 0.00043214089493958134, 
        "B_ctgre_cll1": -0.028657484173868025, 
        "u_B_ctgre_cll1": 1.7695588161819594e-05, 
        "B_cthre_2": 0.003787219926487158, 
        "u_B_cthre_2": 3.3970827604384156e-06, 
        "B_cthre_cll1": -0.0036794637053011313, 
        "u_B_cthre_cll1": 1.2204909961407978e-06, 
        "B_cthre_ctgre": 0.057627722354101379, 
        "u_B_cthre_ctgre": 3.5513331608410684e-05
    }
}