{
    "llll": {
        "A_chw": 0.01,
        "u_A_chw": 0.0005,
        "A_chb": -0.1,
        "u_A_chb": 0.0005,
        "A_chwb": -0.031,
        "u_A_chwb": 0.0005,
        "A_chdd": 0.016,
        "u_A_chdd": 0.0005,
        "A_chbox": 0.121,
        "u_A_chbox": 0.0005,
        "A_chl1": 0.138,
        "u_A_chl1": 0.0005,
        "A_chl3": -0.168,
        "u_A_chl3": 0.0005,
        "A_che": -0.094,
        "u_A_che": 0.0005,
        "A_chq1": -0.023,
        "u_A_chq1": 0.0005,
        "A_chq3": -0.079,
        "u_A_chq3": 0.0005,
        "A_chu": -0.012,
        "u_A_chu": 0.0005,
        "A_chd": 0.009000000000000001,
        "u_A_chd": 0.0005,
        "A_cll1": 0.133,
        "u_A_cll1": 0.0005
    },
    "llnunu": {
        "A_chw": -0.08800000000000001,
        "u_A_chw": 0.0005,
        "A_chb": -0.001,
        "u_A_chb": 0.0005,
        "A_chwb": -0.003,
        "u_A_chwb": 0.0005,
        "A_chdd": -0.031,
        "u_A_chdd": 0.0005,
        "A_chbox": 0.121,
        "u_A_chbox": 0.0005,
        "A_chl3": -0.151,
        "u_A_chl3": 0.0005,
        "A_che": -0.002,
        "u_A_che": 0.0005,
        "A_chq1": -0.001,
        "u_A_chq1": 0.0005,
        "A_chq3": -0.078,
        "u_A_chq3": 0.0005,
        "A_chu": -0.001,
        "u_A_chu": 0.0005,
        "A_cll1": 0.124,
        "u_A_cll1": 0.0005
    },
    "llqq": {
        "A_chw": 0.038,
        "u_A_chw": 0.0005,
        "A_chb": -0.102,
        "u_A_chb": 0.0005,
        "A_chwb": -0.045,
        "u_A_chwb": 0.0005,
        "A_chdd": 0.027999999999999997,
        "u_A_chdd": 0.0005,
        "A_chbox": 0.121,
        "u_A_chbox": 0.0005,
        "A_chl1": 0.075,
        "u_A_chl1": 0.0005,
        "A_chl3": -0.23,
        "u_A_chl3": 0.0005,
        "A_che": -0.043,
        "u_A_che": 0.0005,
        "A_chq1": -0.002,
        "u_A_chq1": 0.0005,
        "A_chq3": -0.013000000000000001,
        "u_A_chq3": 0.0005,
        "A_chu": -0.002,
        "u_A_chu": 0.0005,
        "A_chd": 0.001,
        "u_A_chd": 0.0005,
        "A_cll1": 0.132,
        "u_A_cll1": 0.0005
    },
    "lnuqq": {
        "A_chw": -0.09,
        "u_A_chw": 0.0005,
        "A_chdd": -0.03,
        "u_A_chdd": 0.0005,
        "A_chbox": 0.121,
        "u_A_chbox": 0.0005,
        "A_chl3": -0.21899999999999997,
        "u_A_chl3": 0.0005,
        "A_chq3": -0.008,
        "u_A_chq3": 0.0005,
        "A_cll1": 0.124,
        "u_A_cll1": 0.0005
    },
    "nunuqq": {
        "A_chw": 0.006999999999999999,
        "u_A_chw": 0.0005,
        "A_chb": -0.067,
        "u_A_chb": 0.0005,
        "A_chwb": -0.047,
        "u_A_chwb": 0.0005,
        "A_chdd": 0.008,
        "u_A_chdd": 0.0005,
        "A_chbox": 0.121,
        "u_A_chbox": 0.0005,
        "A_chl1": -0.05,
        "u_A_chl1": 0.0005,
        "A_chl3": -0.23600000000000002,
        "u_A_chl3": 0.0005,
        "A_che": 0.009000000000000001,
        "u_A_che": 0.0005,
        "A_chq1": -0.002,
        "u_A_chq1": 0.0005,
        "A_chq3": -0.013000000000000001,
        "u_A_chq3": 0.0005,
        "A_chu": -0.002,
        "u_A_chu": 0.0005,
        "A_chd": 0.001,
        "u_A_chd": 0.0005,
        "A_cll1": 0.132,
        "u_A_cll1": 0.0005
    },
    "qqqq": {
        "A_chw": -0.073,
        "u_A_chw": 0.0005,
        "A_chb": -0.015,
        "u_A_chb": 0.0005,
        "A_chwb": -0.005,
        "u_A_chwb": 0.0005,
        "A_chg": -0.037000000000000005,
        "u_A_chg": 0.0005,
        "A_chdd": -0.022000000000000002,
        "u_A_chdd": 0.0005,
        "A_chbox": 0.121,
        "u_A_chbox": 0.0005,
        "A_chl1": 0.001,
        "u_A_chl1": 0.0005,
        "A_chl3": -0.28800000000000003,
        "u_A_chl3": 0.0005,
        "A_che": 0.001,
        "u_A_che": 0.0005,
        "A_chq1": 0.002,
        "u_A_chq1": 0.0005,
        "A_chq3": 0.057999999999999996,
        "u_A_chq3": 0.0005,
        "A_chu": 0.001,
        "u_A_chu": 0.0005,
        "A_chd": -0.001,
        "u_A_chd": 0.0005,
        "A_cll1": 0.125,
        "u_A_cll1": 0.0005
    }
}