{
    "-0.5": {
        "A_chl3": -0.1278436307519447, 
        "u_A_chl3": 1.3126855374357924e-05, 
        "A_chbox": 0.12784273460702839, 
        "u_A_chbox": 1.8519598127389394e-05, 
        "A_cll1": 0.06392148055296773, 
        "u_A_cll1": 9.2563016278185107e-06, 
        "A_chdd": -0.03196055948892905, 
        "u_A_chdd": 4.6252036317961232e-06, 
        "A_chg": 24.542428239617955, 
        "u_A_chg": 0.0029128931105352465, 
        "A_ctgre": -0.98910506547174615, 
        "u_A_ctgre": 0.00014362630044954932, 
        "A_cthre": -0.12851044083557556, 
        "u_A_cthre": 1.8573006918875191e-05, 
        "B_chl3_2": 0.003916082224195966, 
        "u_B_chl3_2": 1.8033044174153825e-05, 
        "B_chl3_cll1": -0.003892817446445562, 
        "u_B_chl3_cll1": 4.2319595927759705e-06, 
        "B_chl3_ctgre": 0.060056108364045867, 
        "u_B_chl3_ctgre": 8.1804561224555772e-06, 
        "B_chl3_cthre": 0.007716092610264713, 
        "u_B_chl3_cthre": 6.4521926481556934e-06, 
        "B_chbox_2": 0.003927371855225467, 
        "u_B_chbox_2": 1.4074472545929074e-05, 
        "B_chbox_chl3": -0.007820189193718017, 
        "u_B_chbox_chl3": 8.4511655194693982e-06, 
        "B_chbox_cll1": 0.0038576833266335967, 
        "u_B_chbox_cll1": 4.6043386103712115e-06, 
        "B_chbox_chg": 3.091273839733071, 
        "u_B_chbox_chg": 0.00039570447651352745, 
        "B_chbox_ctgre": -0.059965873531289973, 
        "u_B_chbox_ctgre": 1.0076640314066538e-05, 
        "B_chbox_cthre": -0.0077879987736653045, 
        "u_B_chbox_cthre": 4.8659445657033796e-06, 
        "B_cll1_2": 0.0009705303014149177, 
        "u_B_cll1_2": 1.3357901073940326e-05, 
        "B_chdd_2": 0.00021750401243978456, 
        "u_B_chdd_2": 1.095141199088604e-05, 
        "B_chdd_chl3": 0.001884604276136885, 
        "u_B_chdd_chl3": 6.8364794496056929e-06, 
        "B_chdd_chbox": -0.0019669929465974266, 
        "u_B_chdd_chbox": 4.8245862879618223e-06, 
        "B_chdd_cll1": -0.0009634691457623701, 
        "u_B_chdd_cll1": 4.826016932907617e-06, 
        "B_chdd_chg": -0.7728181154359083, 
        "u_B_chdd_chg": 9.8988727816449681e-05, 
        "B_chdd_ctgre": 0.015000262542806645, 
        "u_B_chdd_ctgre": 4.11944952189398e-06, 
        "B_chdd_cthre": 0.0019399970296747092, 
        "u_B_chdd_cthre": 4.9236441386138113e-06, 
        "B_chg_2": 231.8740504962102, 
        "u_B_chg_2": 0.027520396472948374, 
        "B_chg_chl3": -3.09127395091559, 
        "u_B_chg_chl3": 0.00028005298519883238, 
        "B_chg_cll1": 1.545636945135289, 
        "u_B_chg_cll1": 0.00019795688414517537, 
        "B_chg_ctgre": -23.91653446611603, 
        "u_B_chg_ctgre": 0.0030791942686004352, 
        "B_chg_cthre": -3.107399102439573, 
        "u_B_chg_cthre": 0.00039847201117211979, 
        "B_ctgre_2": 0.23206276630370723, 
        "u_B_ctgre_2": 3.5075067248389839e-05, 
        "B_ctgre_cll1": -0.029960287061424579, 
        "u_B_ctgre_cll1": 6.2227533207551053e-06, 
        "B_cthre_2": 0.003945725229668379, 
        "u_B_cthre_2": 1.2161843300267068e-05, 
        "B_cthre_cll1": -0.0038870927287381497, 
        "u_B_cthre_cll1": 5.0735755826462723e-06, 
        "B_cthre_ctgre": 0.060282191078002187, 
        "u_B_cthre_ctgre": 8.610150641870584e-06
    }, 
    "1.5": {
        "A_chl3": -0.12778563635015883, 
        "u_A_chl3": 3.604755527864248e-05, 
        "A_chbox": 0.1277846799023587, 
        "u_A_chbox": 5.0975104510741965e-05, 
        "A_cll1": 0.06389258125681702, 
        "u_A_cll1": 2.5487460090772228e-05, 
        "A_chdd": -0.03194617349569306, 
        "u_A_chdd": 1.2743063596594665e-05, 
        "A_chg": 24.666384669789284, 
        "u_A_chg": 0.022182753615186665, 
        "A_ctgre": -0.9956851508187381, 
        "u_A_ctgre": 0.001350473401734566, 
        "A_cthre": -0.12845247922517708, 
        "u_A_cthre": 5.123820988863835e-05, 
        "B_chl3_2": 0.0038957164403843284, 
        "u_B_chl3_2": 9.9917554369832065e-06, 
        "B_chl3_cll1": -0.0038761862250771164, 
        "u_B_chl3_cll1": 2.3805410647330039e-06, 
        "B_chl3_ctgre": 0.060431133194951941, 
        "u_B_chl3_ctgre": 5.8037226063333783e-05, 
        "B_chl3_cthre": 0.007721494511412513, 
        "u_B_chl3_cthre": 4.1239845918197995e-06, 
        "B_chbox_2": 0.0039527534119903444, 
        "u_B_chbox_2": 7.9149308099000238e-06, 
        "B_chbox_chl3": -0.007828939698286649, 
        "u_B_chbox_chl3": 5.2827872932726328e-06, 
        "B_chbox_cll1": 0.0038661609400346946, 
        "u_B_chbox_cll1": 2.861679419743653e-06, 
        "B_chbox_chg": 3.1022705989284978, 
        "u_B_chbox_chg": 0.0023572077476271313, 
        "B_chbox_ctgre": -0.060359437195987915, 
        "u_B_chbox_ctgre": 8.1923387626811218e-05, 
        "B_chbox_cthre": -0.00779114967434023, 
        "u_B_chbox_cthre": 4.0949336353909842e-06, 
        "B_cll1_2": 0.0009641510280835983, 
        "u_B_cll1_2": 7.2906621179939068e-06, 
        "B_chdd_2": 0.00022584271904060605, 
        "u_B_chdd_2": 6.0131989745013005e-06, 
        "B_chdd_chl3": 0.001900836287324171, 
        "u_B_chdd_chl3": 3.795522349708795e-06, 
        "B_chdd_chbox": -0.001961012128142461, 
        "u_B_chdd_chbox": 2.6737243554725926e-06, 
        "B_chdd_cll1": -0.000960651658634527, 
        "u_B_chdd_cll1": 2.6769562034982451e-06, 
        "B_chdd_chg": -0.7755674460013974, 
        "u_B_chdd_chg": 0.00058931037161653898, 
        "B_chdd_ctgre": 0.015101163745982036, 
        "u_B_chdd_ctgre": 2.0555136090642538e-05, 
        "B_chdd_cthre": 0.0019339163721322685, 
        "u_B_chdd_cthre": 2.7086037872021259e-06, 
        "B_chg_2": 235.21994204802152, 
        "u_B_chg_2": 0.68569127992742684, 
        "B_chg_chl3": -3.102270321813654, 
        "u_B_chg_chl3": 0.001666812690431084, 
        "B_chg_cll1": 1.5511353764405937, 
        "u_B_chg_cll1": 0.0011786145233211407, 
        "B_chg_ctgre": -24.213963926441359, 
        "u_B_chg_ctgre": 0.037555438215132415, 
        "B_chg_cthre": -3.1184531717454687, 
        "u_B_chg_cthre": 0.0023695347938812398, 
        "B_ctgre_2": 0.23739313361433606, 
        "u_B_ctgre_2": 0.0013994346000277417, 
        "B_ctgre_cll1": -0.030173181794358642, 
        "u_B_ctgre_cll1": 4.0998016215023813e-05, 
        "B_cthre_2": 0.003960780104770667, 
        "u_B_cthre_2": 7.1370006950398403e-06, 
        "B_cthre_cll1": -0.0038865794884629648, 
        "u_B_cthre_cll1": 3.1243170376242673e-06, 
        "B_cthre_ctgre": 0.060685615719805817, 
        "u_B_cthre_ctgre": 8.230838460213852e-05
    }, 
    "3.5": {
        "A_chl3": -0.12784664006680246, 
        "u_A_chl3": 1.3805303961251901e-05, 
        "A_chbox": 0.12784531399871982, 
        "u_A_chbox": 1.9512010580885545e-05, 
        "A_cll1": 0.06392275297471581, 
        "u_A_cll1": 9.7479917840541444e-06, 
        "A_chdd": -0.031961196182025677, 
        "u_A_chdd": 4.8758951212697755e-06, 
        "A_chg": 25.029905729554606, 
        "u_A_chg": 0.11624601046699225, 
        "A_ctgre": -1.0231443276399561, 
        "u_A_ctgre": 0.0061437534257862518, 
        "A_cthre": -0.12851328465108205, 
        "u_A_cthre": 1.9575514239825735e-05, 
        "B_chl3_2": 0.003931233283035558, 
        "u_B_chl3_2": 1.9484547423696337e-05, 
        "B_chl3_cll1": -0.003882237376412444, 
        "u_B_chl3_cll1": 4.3119866962803505e-06, 
        "B_chl3_ctgre": 0.062058893579515606, 
        "u_B_chl3_ctgre": 0.00026322250092977013, 
        "B_chl3_cthre": 0.007737836517510041, 
        "u_B_chl3_cthre": 7.1394108604692747e-06, 
        "B_chbox_2": 0.00395173885923039, 
        "u_B_chbox_2": 1.5121047124374952e-05, 
        "B_chbox_chl3": -0.007833976152461552, 
        "u_B_chbox_chl3": 9.2410514649461812e-06, 
        "B_chbox_cll1": 0.003874854039420677, 
        "u_B_chbox_cll1": 4.9508646173908864e-06, 
        "B_chbox_chg": 3.1743737289325407, 
        "u_B_chbox_chg": 0.014813765806151654, 
        "B_chbox_ctgre": -0.062030846808473247,