{
    "120.0": {
        "A_chl3": -0.1278739358980969, 
        "u_A_chl3": 1.7006442062927354e-05, 
        "A_chbox": 0.12787330019322724, 
        "u_A_chbox": 2.4034495320068002e-05, 
        "A_cll1": 0.06393682210453323, 
        "u_A_cll1": 1.202944631380178e-05, 
        "A_chdd": -0.031968557764903933, 
        "u_A_chdd": 6.0023509700422959e-06, 
        "A_chg": 24.78236052279911, 
        "u_A_chg": 0.10913057641987722, 
        "A_ctgre": -1.0079245143571913, 
        "u_A_ctgre": 0.0067328364597513514, 
        "A_cthre": -0.12854137823458286, 
        "u_A_cthre": 2.4109515790418882e-05, 
        "B_chl3_2": 0.0038775942296277186, 
        "u_B_chl3_2": 2.4104016332597335e-05, 
        "B_chl3_cll1": -0.0038883074549659327, 
        "u_B_chl3_cll1": 5.4870079092430357e-06, 
        "B_chl3_ctgre": 0.06114607606021645, 
        "u_B_chl3_ctgre": 0.00028866009879357753, 
        "B_chl3_cthre": 0.00774072780742005, 
        "u_B_chl3_cthre": 8.9868591228021961e-06, 
        "B_chbox_2": 0.003946723751262382, 
        "u_B_chbox_2": 1.9063329475440837e-05, 
        "B_chbox_chl3": -0.007835031278072904, 
        "u_B_chbox_chl3": 1.1603603209325645e-05, 
        "B_chbox_cll1": 0.0038740232898780004, 
        "u_B_chbox_cll1": 5.9390132516967567e-06, 
        "B_chbox_chg": 3.103286354747645, 
        "u_B_chbox_chg": 0.014793072155826929, 
        "B_chbox_ctgre": -0.061106359936696344, 
        "u_B_chbox_ctgre": 0.00040858607964736982, 
        "B_chbox_cthre": -0.00778683807161353, 
        "u_B_chbox_cthre": 6.4824496811121286e-06, 
        "B_cll1_2": 0.0009693980902945489, 
        "u_B_cll1_2": 1.760957533976811e-05, 
        "B_chdd_2": 0.00025471217099628564, 
        "u_B_chdd_2": 1.4158915599791306e-05, 
        "B_chdd_chl3": 0.0018853249833764695, 
        "u_B_chdd_chl3": 9.1055714711348774e-06, 
        "B_chdd_chbox": -0.0019622174208524493, 
        "u_B_chdd_chbox": 6.2233679721604694e-06, 
        "B_chdd_cll1": -0.0009671393623392441, 
        "u_B_chdd_cll1": 6.4200408995910619e-06, 
        "B_chdd_chg": -0.7758215581626181, 
        "u_B_chdd_chg": 0.0036982915278097133, 
        "B_chdd_ctgre": 0.015280058335271636, 
        "u_B_chdd_ctgre": 0.00010192453348883482, 
        "B_chdd_cthre": 0.0019467796112803046, 
        "u_B_chdd_cthre": 6.3312699975241027e-06, 
        "B_chg_2": 239.9545618419494, 
        "u_B_chg_2": 1.5653832591777017, 
        "B_chg_chl3": -3.1032861015920346, 
        "u_B_chg_chl3": 0.010460309419524997, 
        "B_chg_cll1": 1.5516433588393486, 
        "u_B_chg_cll1": 0.0073965222872952995, 
        "B_chg_ctgre": -25.171459185889603, 
        "u_B_chg_ctgre": 0.19740952535754888, 
        "B_chg_cthre": -3.1194747094813784, 
        "u_B_chg_cthre": 0.014870260664826647, 
        "B_ctgre_2": 0.2527675392168231, 
        "u_B_ctgre_2": 0.0027828808856932429, 
        "B_ctgre_cll1": -0.030563720503241687, 
        "u_B_ctgre_cll1": 0.00020413431919492068, 
        "B_cthre_2": 0.003945737031693133, 
        "u_B_cthre_2": 1.7038801688428315e-05, 
        "B_cthre_cll1": -0.003879445981736416, 
        "u_B_cthre_cll1": 6.5254611012401091e-06, 
        "B_cthre_ctgre": 0.061417766859695098, 
        "u_B_cthre_ctgre": 0.00041009494717910247
    }, 
    "30.0": {
        "A_chl3": -0.12784077966046611, 
        "u_A_chl3": 5.6678840508911023e-06, 
        "A_chbox": 0.12783985757656285, 
        "u_A_chbox": 8.0010743726375737e-06, 
        "A_cll1": 0.06392019922835847, 
        "u_A_cll1": 4.0009425777767638e-06, 
        "A_chdd": -0.03195996120692394, 
        "u_A_chdd": 1.9994441956998209e-06, 
        "A_chg": 24.556723544790547, 
        "u_A_chg": 0.0021997765908167237, 
        "A_ctgre": -0.98976472921119296, 
        "u_A_ctgre": 9.7458502510695572e-05, 
        "A_cthre": -0.12850784393576165, 
        "u_A_cthre": 8.0245645500386194e-06, 
        "B_chl3_2": 0.0038944195293533707, 
        "u_B_chl3_2": 7.8118756394858352e-06, 
        "B_chl3_cll1": -0.0038834796568622235, 
        "u_B_chl3_cll1": 1.7307059052957648e-06, 
        "B_chl3_ctgre": 0.060086175297499364, 
        "u_B_chl3_ctgre": 4.7683352726269083e-06, 
        "B_chl3_cthre": 0.007719716619479357, 
        "u_B_chl3_cthre": 2.7550089106064953e-06, 
        "B_chbox_2": 0.003953485548001672, 
        "u_B_chbox_2": 6.159669952236201e-06, 
        "B_chbox_chl3": -0.007836965160684651, 
        "u_B_chbox_chl3": 3.7799217501764979e-06, 
        "B_chbox_cll1": 0.003868549805712547, 
        "u_B_chbox_cll1": 1.9136552520599203e-06, 
        "B_chbox_chg": 3.092332491194932, 
        "u_B_chbox_chg": 0.00089640847471718821, 
        "B_chbox_ctgre": -0.060002914867459171, 
        "u_B_chbox_ctgre": 6.3445048045099435e-06, 
        "B_chbox_cthre": -0.007792346713441673, 
        "u_B_chbox_cthre": 2.1064495796756691e-06, 
        "B_cll1_2": 0.0009614161337527995, 
        "u_B_cll1_2": 5.7373301408290917e-06, 
        "B_chdd_2": 0.00022643245798696312, 
        "u_B_chdd_2": 4.69068838454136e-06, 
        "B_chdd_chl3": 0.0018911257593920406, 
        "u_B_chdd_chl3": 2.9581120531641153e-06, 
        "B_chdd_chbox": -0.0019629959640727287, 
        "u_B_chdd_chbox": 2.0147919080492275e-06, 
        "B_chdd_cll1": -0.0009613034704353941, 
        "u_B_chdd_cll1": 2.088188203861606e-06, 
        "B_chdd_chg": -0.7730828324076245, 
        "u_B_chdd_chg": 0.00022409449133898188, 
        "B_chdd_ctgre": 0.015012910642227827, 
        "u_B_chdd_ctgre": 2.1084739489469224e-06, 
        "B_chdd_cthre": 0.0019353731514889201, 
        "u_B_chdd_cthre": 2.0283042414593504e-06, 
        "B_chg_2": 232.1406381839534, 
        "u_B_chg_2": 0.039760438718891539, 
        "B_chg_chl3": -3.092332402815028, 
        "u_B_chg_chl3": 0.00063385403260178281, 
        "B_chg_cll1": 1.5461662708488666, 
        "u_B_chg_cll1": 0.00044821390796364723, 
        "B_chg_ctgre": -23.940737863885005, 
        "u_B_chg_ctgre": 0.0084013131753180384, 
        "B_chg_cthre": -3.1084632438038144, 
        "u_B_chg_cthre": 0.00090111087938995842, 
        "B_ctgre_2": 0.23237019996819164, 
        "u_B_ctgre_2": 3.9745936319735605e-05, 
        "B_ctgre_cll1": -0.029988611572853829, 
        "u_B_ctgre_cll1": 3.5757264781571437e-06, 
        "B_cthre_2": 0.003952745621426315, 
        "u_B_cthre_2": 5.4583776144740933e-06, 
        "B_cthre_cll1": -0.0038861592541438103, 
        "u_B_cthre_cll1": 2.1555157952500989e-06, 
        "B_cthre_ctgre": 0.060326512648280053, 
        "u_B_cthre_ctgre": 5.9092174045538953e-06
    }, 
    "60.0": {
        "A_chl3": -0.12770956011049636, 
        "u_A_chl3": 6.7406019377102541e-05, 
        "A_chbox": 0.12770861904611538, 
        "u_A_chbox": 9.5319784274115472e-05, 
        "A_cll1": 0.06385458592149727, 
        "u_A_cll1": 4.7661065761200159e-05, 
        "A_chdd": -0.0319270323194758, 
        "u_A_chdd": 2.3829462838261361e-05, 
        "A_chg": 24.645095402163008, 
        "u_A_chg": 0.021141338421262378, 
        "A_ctgre": -0.99322121297972987, 
        "u_A_ctgre": 0.0011673317957793491, 
        "A_cthre": -0.12837588239624137, 
        "u_A_cthre": 9.5820512370358408e-05, 
        "B_chl3_2": 0.0038942435030599413, 
        "u_B_chl3_2": 1.1467806664050688e-05, 
        "B_chl3_cll1": -0.0038776867506985927, 
        "u_B_chl3_cll1": 3.2259779176807849e-06, 
        "B_chl3_ctgre": 0.060267809802646198, 
        "u_B_chl3_ctgre": 5.0304921495788778e-05, 
        "B_chl3_cthre": 0.007711294771574008, 
        "u_B_chl3_cthre": 5.7399726673438744e-06, 
        "B_chbox_2": 0.003939299755507306, 
        "u_B_chbox_2": 9.4373636689526143e-06, 
        "B_chbox_chl3": -0.007816986560776173, 
        "u_B_chbox_chl3": 6.9167118555275504e-06, 
        "B_chbox_cll1": 0.0038697559572304025, 
        "u_B_chbox_cll1": 4.0835665150203499e-06, 
        "B_chbox_chg": 3.1028135239911756, 
        "u_B_chbox_chg": 0.0026256283047871279, 
        "B_chbox_ctgre": -0.060216243644485572,