{
    "A_chb": -40.149,
    "A_chbox": 0.121224,
    "A_chd": -0.241643,
    "A_chl3": -0.363754,
    "A_chw": -13.0861,
    "A_chwb": 22.3044,
    "A_cll1": 0.181877,
    "A_ctbre+43.1746": -2.15072,
    "A_cthre-0.691895": 0.0344664,
    "A_ctwre+23.1175": -1.15159,
    "A_cw": -0.946266,
    "B_chb_2": 402.985,
    "B_chbox_2": 0.00367383,
    "B_chd_2": 0.0145979,
    "B_chl3_2": 0.0330792,
    "B_chw_2": 42.8117,
    "B_chwb_2": 124.372,
    "B_cll1_2": 0.00826979,
    "B_cw_2": 0.223855,
    "B_chb_chbox": -2.43352,
    "B_chb_chd": 4.85087,
    "B_chb_chl3": 7.30217,
    "B_chb_chw": 262.697,
    "B_chb_chwb": -447.75,
    "B_chb_cll1": -3.65108,
    "B_chb_cw": 18.9958,
    "B_chbox_chd": -0.0146465,
    "B_chbox_chl3": -0.0220479,
    "B_chbox_chw": -0.793178,
    "B_chbox_chwb": 1.35192,
    "B_chbox_cll1": 0.0110239,
    "B_chbox_cw": -0.0573552,
    "B_chd_chl3": 0.0439493,
    "B_chd_chw": 1.58109,
    "B_chd_chwb": -2.69485,
    "B_chd_cll1": -0.0219746,
    "B_chd_cw": 0.114329,
    "B_chl3_chw": 2.38006,
    "B_chl3_chwb": -4.05665,
    "B_chl3_cll1": -0.0330792,
    "B_chl3_cw": 0.172104,
    "B_chw_chwb": -145.939,
    "B_chw_cll1": -1.19003,
    "B_chw_cw": 6.19148,
    "B_chwb_cll1": 2.02833,
    "B_chwb_cw": -10.553,
    "B_cll1_cw": -0.0860519,
    "B_ctbre_cw": 1.01758,
    "B_cthre_cw": -0.0163072,
    "B_ctwre_cw": 0.544853
}