{
    "inclusive": {
        "A_chb": -15.4736,
        "A_chd": 0.000956938,
        "A_chl3": -0.363636,
        "A_chq1": 0.0177033,
        "A_chq3": -0.0177033,
        "A_cht": 0.0177033,
        "A_chw": 14.5795,
        "A_chwb": -15.7794,
        "A_cll1": 0.181818,
        "A_ctbre": 0.0977673,
        "A_cthre": 0.00720574,
        "A_ctw": -0.711921,
        "A_cw": -0.922778,
        "B_chb_2": 59.8577,
        "B_chd_2": 2.28932e-07,
        "B_chl3_2": 0.0330579,
        "B_chq1_2": 7.83521e-05,
        "B_chq3_2": 7.83521e-05,
        "B_cht_2": 7.83521e-05,
        "B_chw_2": 53.1407,
        "B_chwb_2": 62.247,
        "B_cll1_2": 0.00826446,
        "B_ctbre_2": 0.00238961,
        "B_cthre_2": 1.29807e-05,
        "B_ctw_2": 0.126708,
        "B_cw^_2": 0.21288,
        "B_chb_chd": -0.00740362,
        "B_chb_chl3": 2.81337,
        "B_chb_chq1": -0.136967,
        "B_chb_chq3": 0.136967,
        "B_chb_cht": -0.136967,
        "B_chb_chw": -112.799,
        "B_chb_chwb": 122.081,
        "B_chb_cll1": -1.40669,
        "B_chb_ctbre": -0.756404,
        "B_chb_cthre": -0.0557492,
        "B_chb_ctw": 5.50797,
        "B_chb_cw": 7.13933,
        "B_chd_chl3": -0.000173989,
        "B_chd_chq1": 8.4705e-06,
        "B_chd_chq3": -8.4705e-06,
        "B_chd_cht": 8.4705e-06,
        "B_chd_chw": 0.00697585,
        "B_chd_chwb": -0.00754993,
        "B_chd_cll1": 8.69943e-05,
        "B_chd_ctbre": 4.67786e-05,
        "B_chd_cthre": 3.44772e-06,
        "B_chd_ctw": -0.000340632,
        "B_chd_cw": -0.000441521,
        "B_chl3_chq1": -0.00321879,
        "B_chl3_chq3": 0.00321879,
        "B_chl3_cht": -0.00321879,
        "B_chl3_chw": -2.65082,
        "B_chl3_chwb": 2.86897,
        "B_chl3_cll1": -0.0330579,
        "B_chl3_ctbre": -0.0177759,
        "B_chl3_cthre": -0.00131013,
        "B_chl3_ctw": 0.12944,
        "B_chl3_cw": 0.167778,
        "B_chq1_chq3": -0.000156704,
        "B_chq1_cht": 0.000156704,
        "B_chq1_chw": 0.129053,
        "B_chq1_chwb": -0.139674,
        "B_chq1_cll1": 0.0016094,
        "B_chq1_ctbre": 0.000865404,
        "B_chq1_cthre": 6.37829e-05,
        "B_chq1_ctw": -0.00630169,
        "B_chq1_cw": -0.00816813,
        "B_chq3_cht": -0.000156704,
        "B_chq3_chw": -0.129053,
        "B_chq3_chwb": 0.139674,
        "B_chq3_cll1": -0.0016094,
        "B_chq3_ctbre": -0.000865404,
        "B_chq3_cthre": -6.37829e-05,
        "B_chq3_ctw": 0.00630169,
        "B_chq3_cw": 0.00816813,
        "B_cht_chw": 0.129053,
        "B_cht_chwb": -0.139674,
        "B_cht_cll1": 0.0016094,
        "B_cht_ctbre": 0.000865404,
        "B_cht_cthre": 6.37829e-05,
        "B_cht_ctw": -0.00630169,
        "B_cht_cw": -0.00816813,
        "B_chw_chwb": -115.028,
        "B_chw_cll1": 1.32541,
        "B_chw_ctbre": 0.712701,
        "B_chw_cthre": 0.0525282,
        "B_chw_ctw": -5.18974,
        "B_chw_cw": -6.72684,
        "B_chwb_cll1": -1.43449,
        "B_chwb_ctbre": -0.771352,
        "B_chwb_cthre": -0.056851,
        "B_chwb_ctw": 5.61683,
        "B_chwb_cw": 7.28042,
        "B_cll1_ctbre": 0.00888793,
        "B_cll1_cthre": 0.000655067,
        "B_cll1_ctw": -0.0647201,
        "B_cll1_cw": -0.0838889,
        "B_ctbre_cthre": 0.000352243,
        "B_ctbre_ctw": -0.0348013,
        "B_ctbre_cw": -0.0451088,
        "B_cthre_ctw": -0.00256496,
        "B_cthre_cw": -0.00332465,
        "B_ctw_cw": 0.328472
    }
}